timestamp,cpu_percent,n_python_procs,job_tags,load_avg_1m
2026-09-11T15:39:58,11.9,9,A1.3;B2;other;worker,0.0
2026-09-11T15:40:19,11.7,9,A1.3;B2;other;worker,0.07
2026-09-11T15:40:40,7.1,5,A1.3;other;worker,0.32
2026-09-11T15:41:00,7.4,5,A1.3;other;worker,0.23
2026-09-11T15:41:20,7.4,5,A1.3;other;worker,0.31
2026-09-11T15:41:41,5.8,5,A1.3;other;worker,0.22
2026-09-11T15:42:01,6.5,5,A1.3;other;worker,0.16
2026-09-11T15:42:22,14.4,7,A1.3;B2;other;worker,0.11
2026-09-11T15:42:43,100.0,7,A1.3;B2;other;worker,0.08
2026-09-11T15:43:03,11.9,29,A1.3;B2;other;worker,0.57
2026-09-11T15:43:24,18.2,29,A1.3;B2;other;worker,0.37
2026-09-11T15:43:45,100.0,29,A1.3;B2;other;worker,0.59
2026-09-11T15:44:06,17.6,29,A1.3;B2;other;worker,1.28
2026-09-11T15:44:26,24.9,29,A1.3;B2;other;worker,0.91
2026-09-11T15:44:48,25.4,29,A1.3;B2;other;worker,0.78
2026-09-11T15:45:09,43.1,29,A1.3;B2;other;worker,6.74
2026-09-11T15:45:30,44.4,29,A1.3;B2;other;worker,20.15
2026-09-11T15:45:52,49.9,29,A1.3;B2;other;worker,27.99
2026-09-11T15:46:13,43.0,29,A1.3;B2;other;worker,31.43
2026-09-11T15:46:34,48.8,53,A1.3;B2;other;worker,38.23
2026-09-11T15:46:56,43.7,53,A1.3;B2;other;worker,36.11
2026-09-11T15:47:19,43.0,53,A1.3;B2;other;worker,34.1
2026-09-11T15:47:41,44.1,53,A1.3;B2;other;worker,33.86
2026-09-11T15:48:03,42.9,36,A1.3;B2;other;worker,32.96
2026-09-11T15:48:25,43.4,36,A1.3;B2;other;worker,31.61
2026-09-11T15:48:48,43.5,36,A1.3;B2;other;worker,32.31
2026-09-11T15:49:11,45.9,33,A1.3;B2;other;worker,31.7
2026-09-11T15:49:33,46.2,33,A1.3;B2;other;worker,30.86
2026-09-11T15:49:55,100.0,33,A1.3;B2;other;worker,28.59
2026-09-11T15:50:16,100.0,9,A1.3;B2;other;worker,24.5
2026-09-11T15:50:36,100.0,9,A1.3;B2;other;worker,17.92
2026-09-11T15:50:58,49.0,9,A1.3;B2;other;worker,13.31
2026-09-11T15:51:19,45.0,9,A1.3;B2;other;worker,17.36
2026-09-11T15:51:40,45.1,9,A1.3;B2;other;worker,23.6
2026-09-11T15:52:01,42.9,9,A1.3;B2;other;worker,24.31
2026-09-11T15:52:23,48.3,9,A1.3;B2;other;worker,26.51
2026-09-11T15:52:44,56.5,9,A1.3;B2;other;worker,27.44
2026-09-11T15:53:05,48.4,9,A1.3;B2;other;worker,29.08
2026-09-11T15:53:27,47.4,9,A1.3;B2;other;worker,30.81
2026-09-11T15:53:48,43.7,9,A1.3;B2;other;worker,32.6
2026-09-11T15:54:09,11.6,29,A1.3;B2;other;worker,23.36
2026-09-11T15:54:31,14.8,29,A1.3;B2;other;worker,15.4
2026-09-11T15:54:52,11.9,29,A1.3;B2;other;worker,11.04
2026-09-11T15:55:13,11.3,29,A1.3;B2;other;worker,7.91
2026-09-11T15:55:34,10.9,29,A1.3;B2;other;worker,5.67
2026-09-11T15:55:55,12.6,29,A1.3;B2;other;worker,3.74
2026-09-11T15:56:21,45.0,49,A1.3;B2;other;worker,13.15
2026-09-11T15:56:41,11.2,49,A1.3;B2;other;worker,9.69
2026-09-11T15:57:03,11.4,49,A1.3;B2;other;worker,7.01
2026-09-11T15:57:24,11.0,49,A1.3;B2;other;worker,5.03
2026-09-11T15:57:45,11.5,49,A1.3;B2;other;worker,3.6
2026-09-11T15:58:06,11.0,49,A1.3;B2;other;worker,2.37
2026-09-11T15:58:27,11.5,49,A1.3;B2;other;worker,1.7
2026-09-11T15:58:48,13.9,49,A1.3;B2;other;worker,1.22
2026-09-11T15:59:10,14.7,43,A1.3;B2;other;worker,0.87
2026-09-11T15:59:30,18.0,31,A1.3;B2;other;worker,0.63
2026-09-11T15:59:51,13.6,31,A1.3;B2;other;worker,0.41
2026-09-11T16:00:12,20.1,31,A1.3;B2;other;worker,0.3
2026-09-11T16:00:33,16.6,31,A1.3;B2;other;worker,0.21
2026-09-11T16:00:55,16.0,31,A1.3;B2;other;worker,0.15
2026-09-11T16:01:16,16.4,30,A1.3;B2;other;worker,0.11
2026-09-11T16:01:37,16.9,14,A1.3;B2;other;worker,0.07
2026-09-11T16:01:58,15.7,11,A1.3;B2;other;worker,0.05
2026-09-11T16:02:18,14.8,11,A1.3;B2;other;worker,0.04
2026-09-11T16:02:39,14.5,11,A1.3;B2;other;worker,0.03
2026-09-11T16:03:00,16.0,11,A1.3;B2;other;worker,0.02
2026-09-11T16:03:21,23.3,11,A1.3;B2;other;worker,0.01
2026-09-11T16:03:42,25.2,11,A1.3;B2;other;worker,0.01
2026-09-11T16:04:03,100.0,9,A1.3;B2;other;worker,0.17
2026-09-11T16:04:24,100.0,9,A1.3;B2;other;worker,0.82
2026-09-11T16:04:45,100.0,9,A1.3;B2;other;worker,1.76
2026-09-11T16:05:06,100.0,9,A1.3;B2;other;worker,1.85
2026-09-11T16:05:27,100.0,9,A1.3;B2;other;worker,1.76
2026-09-11T16:05:48,53.0,29,A1.3;B2;other;worker,3.52
2026-09-11T16:06:09,16.4,29,A1.3;B2;other;worker,2.52
2026-09-11T16:06:30,15.0,29,A1.3;B2;other;worker,1.81
2026-09-11T16:06:51,15.4,29,A1.3;B2;other;worker,1.72
2026-09-11T16:07:12,16.8,29,A1.3;B2;other;worker,1.49
2026-09-11T16:07:33,16.9,29,A1.3;B2;other;worker,1.36
2026-09-11T16:07:54,13.8,29,A1.3;B2;other;worker,1.11
2026-09-11T16:08:15,15.8,29,A1.3;B2;other;worker,0.8
2026-09-11T16:08:36,14.1,29,A1.3;B2;other;worker,0.64
2026-09-11T16:08:57,15.3,29,A1.3;B2;other;worker,0.49
2026-09-11T16:09:17,9.9,5,A1.3;other;worker,0.35
2026-09-11T16:09:38,11.6,5,A1.3;other;worker,0.39
2026-09-11T16:09:59,11.7,5,A1.3;other;worker,0.36
2026-09-11T16:10:20,8.9,5,A1.3;other;worker,0.48
2026-09-11T16:10:40,10.7,5,A1.3;other;worker,0.34
2026-09-11T16:11:01,9.2,5,A1.3;other;worker,0.24
2026-09-11T16:11:22,10.4,5,A1.3;other;worker,0.47
2026-09-11T16:11:43,10.3,5,A1.3;other;worker,0.34
2026-09-11T16:12:03,8.8,5,A1.3;other;worker,0.24
2026-09-11T16:12:24,9.4,5,A1.3;other;worker,0.17
2026-09-11T16:12:45,9.2,5,A1.3;other;worker,0.12
2026-09-11T16:13:06,10.1,5,A1.3;other;worker,0.09
2026-09-11T16:13:26,10.2,5,A1.3;other;worker,0.06
2026-09-11T16:13:47,11.2,5,A1.3;other;worker,0.04
2026-09-11T16:14:08,9.5,5,A1.3;other;worker,0.03
2026-09-11T16:14:29,11.0,5,A1.3;other;worker,0.02
2026-09-11T16:14:49,11.0,5,A1.3;other;worker,0.02
2026-09-11T16:15:10,9.7,5,A1.3;other;worker,0.01
2026-09-11T16:15:31,16.3,5,A1.3;other;worker,0.01
2026-09-11T16:15:51,10.0,5,A1.3;other;worker,0.01
2026-09-11T16:16:12,9.3,5,A1.3;other;worker,0.0
2026-09-11T16:16:33,11.2,5,A1.3;other;worker,0.0
2026-09-11T16:16:54,9.5,5,A1.3;other;worker,0.0
2026-09-11T16:17:14,9.1,5,A1.3;other;worker,0.0
2026-09-11T16:17:35,8.7,5,A1.3;other;worker,0.0
2026-09-11T16:17:56,10.0,5,A1.3;other;worker,0.0
2026-09-11T16:18:17,11.3,5,A1.3;other;worker,0.0
2026-09-11T16:18:37,9.7,5,A1.3;other;worker,0.0
2026-09-11T16:18:58,9.3,5,A1.3;other;worker,0.0
2026-09-11T16:19:19,10.6,5,A1.3;other;worker,0.0
2026-09-11T16:19:39,11.4,5,A1.3;other;worker,0.0
2026-09-11T16:20:00,12.9,5,A1.3;other;worker,0.07
2026-09-11T16:20:21,9.1,5,A1.3;other;worker,0.05
2026-09-11T16:20:42,9.1,5,A1.3;other;worker,0.03
2026-09-11T16:21:02,8.9,5,A1.3;other;worker,0.02
2026-09-11T16:21:23,15.1,5,A1.3;other;worker,0.02
2026-09-11T16:21:44,9.2,5,A1.3;other;worker,0.08
2026-09-11T16:22:05,9.1,5,A1.3;other;worker,0.06
2026-09-11T16:22:25,9.2,5,A1.3;other;worker,0.04
2026-09-11T16:23:00,100.0,25,A1.3;other;worker,17.0
2026-09-11T16:23:21,10.1,25,A1.3;other;worker,17.41
2026-09-11T16:23:42,10.1,25,A1.3;other;worker,12.48
2026-09-11T16:24:03,9.0,25,A1.3;other;worker,8.22
2026-09-11T16:24:24,10.1,25,A1.3;other;worker,5.89
2026-09-11T16:24:44,8.9,25,A1.3;other;worker,4.22
2026-09-11T16:25:05,10.5,25,A1.3;other;worker,3.03
2026-09-11T16:25:26,9.8,25,A1.3;other;worker,2.57
2026-09-11T16:25:47,10.6,25,A1.3;other;worker,1.91
2026-09-11T16:26:09,10.0,25,A1.3;other;worker,1.26
2026-09-11T16:26:30,12.9,25,A1.3;other;worker,0.9
2026-09-11T16:26:51,11.2,25,A1.3;other;worker,0.65
2026-09-11T16:27:13,9.9,25,A1.3;other;worker,0.46
2026-09-11T16:27:34,11.4,25,A1.3;other;worker,0.3
2026-09-11T16:27:55,12.2,18,A1.3;other;worker,0.22
2026-09-11T16:28:17,12.4,8,A1.3;other;worker,0.16
2026-09-11T16:28:38,11.0,5,A1.3;other;worker,0.1
2026-09-11T16:28:59,12.1,5,A1.3;other;worker,0.07
2026-09-11T16:29:21,13.4,5,A1.3;other;worker,0.05
2026-09-11T16:29:42,12.1,5,A1.3;other;worker,0.04
2026-09-11T16:30:03,12.7,5,A1.3;other;worker,0.03
2026-09-11T16:30:25,13.1,5,A1.3;other;worker,0.02
2026-09-11T16:30:46,12.9,5,A1.3;other;worker,0.01
2026-09-11T16:31:07,15.0,5,A1.3;other;worker,0.01
2026-09-11T16:31:28,11.2,5,A1.3;other;worker,0.01
2026-09-11T16:31:49,10.2,5,A1.3;other;worker,0.0
2026-09-11T16:32:10,11.0,5,A1.3;other;worker,0.0
2026-09-11T16:32:30,9.9,5,A1.3;other;worker,0.0
2026-09-11T16:32:51,13.8,5,A1.3;other;worker,0.0
2026-09-11T16:33:12,10.9,5,A1.3;other;worker,0.07
2026-09-11T16:33:33,12.9,5,A1.3;other;worker,0.05
2026-09-11T16:33:54,12.2,5,A1.3;other;worker,0.04
2026-09-11T16:34:15,13.3,5,A1.3;other;worker,0.03
2026-09-11T16:34:35,13.0,5,A1.3;other;worker,0.02
2026-09-11T16:34:56,11.1,5,A1.3;other;worker,0.3
2026-09-11T16:35:17,12.5,5,A1.3;other;worker,0.35
2026-09-11T16:35:38,13.5,5,A1.3;other;worker,0.53
2026-09-11T16:35:59,12.2,5,A1.3;other;worker,0.63
2026-09-11T16:36:20,14.6,5,A1.3;other;worker,0.66
2026-09-11T16:36:40,11.8,5,A1.3;other;worker,0.54
2026-09-11T16:37:01,12.6,5,A1.3;other;worker,0.62
2026-09-11T16:37:22,11.5,5,A1.3;other;worker,0.52
2026-09-11T16:37:43,13.4,5,A1.3;other;worker,0.51
2026-09-11T16:38:04,12.5,5,A1.3;other;worker,0.41
2026-09-11T16:38:25,12.9,5,A1.3;other;worker,0.29
2026-09-11T16:38:45,12.3,5,A1.3;other;worker,0.21
2026-09-11T16:39:06,13.5,5,A1.3;other;worker,0.22
2026-09-11T16:39:27,13.1,5,A1.3;other;worker,0.16
2026-09-11T16:39:48,11.5,5,A1.3;other;worker,0.18
2026-09-11T16:40:09,12.3,5,A1.3;other;worker,0.17
2026-09-11T16:40:29,13.3,5,A1.3;other;worker,0.12
2026-09-11T16:40:50,15.1,5,A1.3;other;worker,0.09
2026-09-11T16:41:12,11.6,5,A1.3;other;worker,0.13
2026-09-11T16:41:33,9.4,5,A1.3;other;worker,0.09
2026-09-11T16:41:54,9.9,5,A1.3;other;worker,0.06
2026-09-11T16:42:15,13.9,5,A1.3;other;worker,0.04
2026-09-11T16:42:37,12.0,5,A1.3;other;worker,0.03
2026-09-11T16:42:58,11.4,5,A1.3;other;worker,0.02
2026-09-11T16:43:19,11.7,5,A1.3;other;worker,0.02
2026-09-11T16:43:41,11.4,5,A1.3;other;worker,0.01
2026-09-11T16:44:02,12.0,5,A1.3;other;worker,0.01
2026-09-11T16:44:23,12.5,5,A1.3;other;worker,0.01
2026-09-11T16:44:44,13.6,5,A1.3;other;worker,0.0
2026-09-11T16:45:06,10.5,5,A1.3;other;worker,0.0
2026-09-11T16:45:27,11.4,5,A1.3;other;worker,0.0
2026-09-11T16:45:48,10.3,5,A1.3;other;worker,0.0
2026-09-11T16:46:10,13.3,5,A1.3;other;worker,0.0
2026-09-11T16:46:31,11.6,5,A1.3;other;worker,0.0
2026-09-11T16:46:52,13.3,5,A1.3;other;worker,0.0
2026-09-11T16:47:14,15.2,5,A1.3;other;worker,0.0
2026-09-11T16:47:35,14.2,5,A1.3;other;worker,0.0
2026-09-11T16:47:56,13.3,5,A1.3;other;worker,0.0
2026-09-11T16:48:18,13.3,5,A1.3;other;worker,0.0
2026-09-11T16:48:39,12.1,5,A1.3;other;worker,0.0
2026-09-11T16:49:00,11.7,5,A1.3;other;worker,0.0
2026-09-11T16:49:21,11.7,5,A1.3;other;worker,0.0
2026-09-11T16:49:43,11.2,5,A1.3;other;worker,0.0
2026-09-11T16:50:04,11.9,5,A1.3;other;worker,0.07
2026-09-11T16:50:25,11.6,5,A1.3;other;worker,0.05
2026-09-11T16:50:47,10.4,5,A1.3;other;worker,0.03
2026-09-11T16:51:08,11.1,5,A1.3;other;worker,0.02
2026-09-11T16:51:29,11.8,5,A1.3;other;worker,0.02
2026-09-11T16:51:51,13.6,5,A1.3;other;worker,0.01
2026-09-11T16:52:12,12.0,5,A1.3;other;worker,0.01
2026-09-11T16:52:33,13.0,5,A1.3;other;worker,0.07
2026-09-11T16:52:55,12.7,5,A1.3;other;worker,0.12
2026-09-11T16:53:16,11.7,5,A1.3;other;worker,0.09
2026-09-11T16:53:37,10.9,5,A1.3;other;worker,0.06
2026-09-11T16:53:58,10.9,5,A1.3;other;worker,0.04
2026-09-11T16:54:20,11.8,5,A1.3;other;worker,0.03
2026-09-11T16:54:41,10.5,5,A1.3;other;worker,0.1
2026-09-11T16:55:02,10.0,5,A1.3;other;worker,0.07
2026-09-11T16:55:24,13.8,5,A1.3;other;worker,0.05
2026-09-11T16:55:45,14.6,5,A1.3;other;worker,0.03
2026-09-11T16:56:06,13.2,5,A1.3;other;worker,0.1
2026-09-11T16:56:27,12.6,5,A1.3;other;worker,0.07
2026-09-11T16:56:48,12.8,5,A1.3;other;worker,0.05
2026-09-11T16:57:09,9.7,1,other,0.04
2026-09-11T16:57:30,10.6,1,other,0.02
2026-09-11T16:57:51,8.5,1,other,0.02
2026-09-11T16:58:13,9.9,1,other,0.01
2026-09-11T16:58:34,9.8,1,other,0.01
2026-09-11T16:58:55,10.0,1,other,0.01
2026-09-11T16:59:16,8.3,1,other,0.0
2026-09-11T16:59:37,11.7,1,other,0.0
2026-09-11T16:59:57,3.6,1,other,0.0
2026-09-11T17:00:18,4.1,1,other,0.0
2026-09-11T17:00:39,9.4,1,other,0.13
2026-09-11T17:00:59,7.2,1,other,0.09
2026-09-11T17:01:20,11.9,1,other,0.06
2026-09-11T17:01:41,9.6,1,other,0.04
2026-09-11T17:02:01,10.7,1,other,0.03
2026-09-11T17:02:22,9.2,1,other,0.02
2026-09-11T17:02:43,8.8,1,other,0.02
2026-09-11T17:03:03,9.9,1,other,0.01
2026-09-11T17:03:24,8.5,1,other,0.01
2026-09-11T17:03:45,7.2,1,other,0.08
2026-09-11T17:04:06,6.1,1,other,0.05
2026-09-11T17:04:27,4.8,1,other,0.04
2026-09-11T17:04:48,4.3,1,other,0.03
2026-09-11T17:05:09,3.8,1,other,0.02
2026-09-11T17:05:30,5.0,1,other,0.01
2026-09-11T17:05:51,4.8,1,other,0.01
2026-09-11T17:06:12,7.4,1,other,0.01
2026-09-11T17:06:33,3.8,1,other,0.0
2026-09-11T17:06:54,4.0,1,other,0.0
2026-09-11T17:07:15,9.0,1,other,0.0
2026-09-11T17:07:36,15.2,1,other,0.0
2026-09-11T17:07:57,6.5,1,other,0.0
2026-09-11T17:08:19,7.4,1,other,0.0
2026-09-11T17:08:40,9.6,1,other,0.0
2026-09-11T17:09:01,11.8,1,other,0.0
2026-09-11T17:09:22,10.9,1,other,0.0
2026-09-11T17:09:43,14.9,1,other,0.0
2026-09-11T17:10:04,15.7,1,other,0.0
2026-09-11T17:10:25,12.8,1,other,0.0
2026-09-11T17:10:46,14.5,1,other,0.0
2026-09-11T17:11:07,8.4,1,other,0.0
2026-09-11T17:11:28,10.0,1,other,0.0
2026-09-11T17:11:49,9.6,1,other,0.0
2026-09-11T17:12:10,11.5,1,other,0.0
2026-09-11T17:12:31,9.9,1,other,0.0
2026-09-11T17:12:52,10.2,1,other,0.0
2026-09-11T17:13:13,8.9,1,other,0.0
2026-09-11T17:13:35,8.0,1,other,0.0
2026-09-11T17:13:55,4.7,1,other,0.0
2026-09-11T17:14:16,2.9,1,other,0.0
2026-09-11T17:14:37,5.9,1,other,0.0
2026-09-11T17:14:58,22.0,3,A4A5;other,0.0
2026-09-11T17:15:19,14.2,3,A4A5;other,0.0
2026-09-11T17:15:39,16.5,3,A4A5;other,0.0
2026-09-11T17:16:00,20.7,3,A4A5;other,0.0
2026-09-11T17:16:21,12.2,3,A4A5;other,0.0
2026-09-11T17:16:43,15.2,3,A4A5;other,0.0
2026-09-11T17:17:04,44.9,3,A4A5;other,8.57
2026-09-11T17:17:25,45.4,3,A4A5;other,14.27
2026-09-11T17:17:46,45.1,3,A4A5;other,17.8
2026-09-11T17:18:07,45.2,3,A4A5;other,20.63
2026-09-11T17:18:29,45.9,3,A4A5;other,21.46
2026-09-11T17:18:50,47.1,3,A4A5;other,23.1
2026-09-11T17:19:11,45.6,3,A4A5;other,24.16
2026-09-11T17:19:32,43.5,3,A4A5;other,25.82
2026-09-11T17:19:53,44.4,3,A4A5;other,27.53
2026-09-11T17:20:15,44.4,3,A4A5;other,28.54
2026-09-11T17:20:35,100.0,3,A4A5;other,27.01
2026-09-11T17:20:56,100.0,3,A4A5;other,19.65
2026-09-11T17:21:22,50.9,3,A4A5;other,16.09
2026-09-11T17:21:59,52.4,3,A4A5;other,18.67
2026-09-11T17:22:39,100.0,3,A4A5;other,20.98
2026-09-11T17:23:06,100.0,5,A4A5;B2;other,18.4
2026-09-11T17:23:35,99.9,3,A4A5;other,18.02
2026-09-11T17:24:00,90.9,5,A4A5;other,20.73
2026-09-11T17:24:31,63.0,5,A4A5;B2;other,17.26
2026-09-11T17:25:00,99.9,3,A4A5;other,18.09
2026-09-11T17:25:36,50.0,3,A4A5;other,22.55
2026-09-11T17:26:16,51.3,3,A4A5;other,22.64
2026-09-11T17:26:55,53.3,3,A4A5;other,23.4
2026-09-11T17:27:27,51.3,3,A4A5;other,26.96
2026-09-11T17:28:00,48.5,3,A4A5;other,23.79
2026-09-11T17:28:32,91.2,3,A4A5;other,26.49
2026-09-11T17:28:55,98.3,3,A4A5;other,26.64
2026-09-11T17:29:30,50.3,3,A4A5;other,27.09
2026-09-11T17:29:56,98.0,3,A4A5;other,24.96
2026-09-11T17:30:34,99.5,3,A4A5;other,23.41
2026-09-11T17:30:57,87.4,3,A4A5;other,20.26
2026-09-11T17:31:21,74.8,3,A4A5;other,19.62
2026-09-11T17:31:57,51.7,3,A4A5;other,20.51
2026-09-11T17:32:25,97.3,3,A4A5;other,22.96
2026-09-11T17:33:09,58.3,3,A4A5;other,21.26
2026-09-11T17:33:51,55.2,3,A4A5;other,23.57
2026-09-11T17:34:20,97.7,3,A4A5;other,20.91
2026-09-11T17:35:01,48.8,3,A4A5;other,23.52
2026-09-11T17:35:28,100.0,3,A4A5;other,20.23
2026-09-11T17:35:55,97.9,3,A4A5;other,17.76
2026-09-11T17:36:32,55.7,3,A4A5;other,24.7
2026-09-11T17:37:04,55.1,3,A4A5;other,22.48
2026-09-11T17:37:34,75.3,3,A4A5;other,22.43
2026-09-11T17:38:07,63.5,3,A4A5;other,26.2
2026-09-11T17:38:33,100.0,3,A4A5;other,27.26
2026-09-11T17:39:07,53.5,3,A4A5;other,33.57
2026-09-11T17:39:44,51.6,3,A4A5;other,28.67
2026-09-11T17:40:25,99.2,3,A4A5;other,40.85
2026-09-11T17:41:02,72.3,3,A4A5;other,37.47
2026-09-11T17:41:34,99.5,3,A4A5;other,29.51
2026-09-11T17:42:17,49.1,3,A4A5;other,32.31
2026-09-11T17:43:03,53.4,3,A4A5;other,26.62
2026-09-11T17:43:27,55.7,3,A4A5;other,24.96
2026-09-11T17:43:51,98.6,3,A4A5;other,21.25
2026-09-11T17:44:22,99.9,3,A4A5;other,17.15
2026-09-11T17:44:51,79.2,3,A4A5;other,16.89
2026-09-11T17:45:17,75.0,3,A4A5;other,16.47
2026-09-11T17:45:49,51.7,3,A4A5;other,17.37
2026-09-11T17:46:23,93.6,3,A4A5;other,19.74
2026-09-11T17:47:10,44.3,3,A4A5;other,21.44
2026-09-11T17:47:55,55.7,3,A4A5;other,26.52
2026-09-11T17:48:47,57.0,3,A4A5;other,27.84
2026-09-11T17:49:35,52.0,3,A4A5;other,25.65
2026-09-11T17:50:06,77.4,3,A4A5;other,21.25
2026-09-11T17:50:33,79.6,3,A4A5;other,22.71
2026-09-11T17:51:11,99.5,3,A4A5;other,16.94
2026-09-11T17:51:39,94.4,3,A4A5;other,17.14
2026-09-11T17:52:04,73.4,3,A4A5;other,17.11
2026-09-11T17:52:43,58.1,3,A4A5;other,17.79
2026-09-11T17:53:23,49.0,3,A4A5;other,20.9
2026-09-11T17:53:48,88.4,3,A4A5;other,17.46
2026-09-11T17:54:12,80.1,3,A4A5;other,12.68
2026-09-11T17:54:43,66.2,3,A4A5;other,13.1
2026-09-11T17:55:07,92.8,3,A4A5;other,10.42
2026-09-11T17:55:29,96.4,3,A4A5;other,8.08
2026-09-11T17:55:55,67.7,3,A4A5;other,7.42
2026-09-11T17:56:20,67.7,3,A4A5;other,6.33
2026-09-11T17:56:43,52.3,3,A4A5;other,4.69
2026-09-11T17:57:12,40.4,3,A4A5;other,12.65
2026-09-11T17:57:40,35.1,3,A4A5;other,14.28
2026-09-11T17:58:06,38.3,3,A4A5;other,15.52
2026-09-11T17:58:53,55.2,3,A4A5;other,27.04
2026-09-11T17:59:34,52.0,3,A4A5;other,30.3
2026-09-11T18:00:08,55.1,3,A4A5;other,27.04
2026-09-11T18:00:45,51.8,3,A4A5;other,24.78
2026-09-11T18:01:18,45.6,3,A4A5;other,21.11
2026-09-11T18:02:01,52.5,3,A4A5;other,22.37
2026-09-11T18:02:46,42.6,3,A4A5;other,23.05
2026-09-11T18:03:36,39.5,3,A4A5;other,25.0
2026-09-11T18:03:57,44.3,3,A4A5;other,23.59
2026-09-11T18:04:18,44.8,3,A4A5;other,22.85
2026-09-11T18:04:40,44.3,3,A4A5;other,22.24
2026-09-11T18:05:01,100.0,3,A4A5;other,17.73
2026-09-11T18:05:23,48.2,3,A4A5;other,17.64
2026-09-11T18:05:45,47.5,3,A4A5;other,21.71
2026-09-11T18:06:06,45.7,3,A4A5;other,25.2
2026-09-11T18:06:28,46.5,3,A4A5;other,25.26
2026-09-11T18:06:50,46.7,3,A4A5;other,24.94
2026-09-11T18:07:11,46.2,3,A4A5;other,25.56
2026-09-11T18:07:33,49.2,3,A4A5;other,26.25
2026-09-11T18:07:54,48.0,3,A4A5;other,25.71
2026-09-11T18:08:16,45.9,3,A4A5;other,25.24
2026-09-11T18:08:37,46.9,3,A4A5;other,25.01
2026-09-11T18:08:58,46.0,3,A4A5;other,25.77
2026-09-11T18:09:20,46.0,3,A4A5;other,24.96
2026-09-11T18:09:41,46.7,3,A4A5;other,24.73
2026-09-11T18:10:03,47.6,3,A4A5;other,25.69
2026-09-11T18:10:25,45.5,3,A4A5;other,25.29
2026-09-11T18:10:46,41.0,3,A4A5;other,27.87
2026-09-11T18:11:07,40.5,3,A4A5;other,27.59
2026-09-11T18:11:28,40.6,3,A4A5;other,27.8
2026-09-11T18:11:49,40.8,3,A4A5;other,29.22
2026-09-11T18:12:10,40.6,3,A4A5;other,30.39
2026-09-11T18:12:31,40.9,3,A4A5;other,28.84
2026-09-11T18:12:53,40.9,3,A4A5;other,28.73
2026-09-11T18:13:14,40.3,3,A4A5;other,31.31
2026-09-11T18:13:35,40.7,3,A4A5;other,30.76
2026-09-11T18:13:56,40.1,3,A4A5;other,30.38
2026-09-11T18:14:17,40.5,3,A4A5;other,29.62
2026-09-11T18:14:38,41.1,3,A4A5;other,27.99
2026-09-11T18:14:59,42.2,3,A4A5;other,26.62
2026-09-11T18:15:21,42.2,3,A4A5;other,40.89
2026-09-11T18:15:42,45.9,3,A4A5;other,46.62
2026-09-11T18:16:03,41.3,3,A4A5;other,42.49
2026-09-11T18:16:26,45.1,3,A4A5;other,42.15
2026-09-11T18:16:47,41.8,3,A4A5;other,42.84
2026-09-11T18:17:08,41.3,3,A4A5;other,38.59
2026-09-11T18:17:30,49.2,3,A4A5;other,33.14
2026-09-11T18:17:51,45.6,3,A4A5;other,29.85
2026-09-11T18:18:12,46.2,3,A4A5;other,30.48
2026-09-11T18:18:33,46.3,3,A4A5;other,34.88
2026-09-11T18:18:55,43.6,3,A4A5;other,35.23
2026-09-11T18:19:16,47.9,3,A4A5;other,30.99
2026-09-11T18:19:37,46.8,3,A4A5;other,31.69
2026-09-11T18:19:59,44.7,3,A4A5;other,30.32
2026-09-11T18:20:20,47.0,3,A4A5;other,27.6
2026-09-11T18:20:41,41.9,3,A4A5;other,29.17
2026-09-11T18:21:02,49.9,3,A4A5;other,31.18
2026-09-11T18:21:23,44.1,3,A4A5;other,33.66
2026-09-11T18:21:45,47.2,3,A4A5;other,39.42
2026-09-11T18:22:06,41.0,3,A4A5;other,42.32
2026-09-11T18:22:27,42.7,3,A4A5;other,42.77
2026-09-11T18:22:48,42.7,3,A4A5;other,42.97
2026-09-11T18:23:10,48.5,3,A4A5;other,41.79
2026-09-11T18:23:31,42.1,3,A4A5;other,41.5
2026-09-11T18:23:53,52.2,3,A4A5;other,45.35
2026-09-11T18:24:14,45.3,3,A4A5;other,49.71
2026-09-11T18:24:35,42.2,3,A4A5;other,53.45
2026-09-11T18:24:56,44.4,3,A4A5;other,44.45
2026-09-11T18:25:18,58.0,3,A4A5;other,42.89
2026-09-11T18:25:39,100.0,3,A4A5;other,31.43
2026-09-11T18:26:00,43.7,3,A4A5;other,30.35
2026-09-11T18:26:23,52.0,3,A4A5;other,41.89
2026-09-11T18:26:45,45.8,3,A4A5;other,40.17
2026-09-11T18:27:09,45.1,3,A4A5;other,46.8
2026-09-11T18:27:32,41.4,3,A4A5;other,47.09
2026-09-11T18:27:53,45.5,3,A4A5;other,41.45
2026-09-11T18:28:14,41.0,3,A4A5;other,41.25
2026-09-11T18:28:36,48.2,3,A4A5;other,40.79
2026-09-11T18:28:57,42.4,3,A4A5;other,38.17
2026-09-11T18:29:18,40.9,3,A4A5;other,32.66
2026-09-11T18:29:40,44.5,3,A4A5;other,31.87
2026-09-11T18:30:01,43.2,3,A4A5;other,30.75
2026-09-11T18:30:22,41.1,3,A4A5;other,30.68
2026-09-11T18:30:44,41.3,3,A4A5;other,30.33
2026-09-11T18:31:05,43.3,3,A4A5;other,29.2
2026-09-11T18:31:26,41.3,3,A4A5;other,28.81
2026-09-11T18:31:47,41.4,3,A4A5;other,28.28
2026-09-11T18:32:08,13.2,25,A4A5;other;worker,21.21
2026-09-11T18:32:29,45.1,25,A4A5;other;worker,19.72
2026-09-11T18:32:57,41.9,25,A4A5;other;worker,22.29
2026-09-11T18:33:18,6.4,25,A4A5;other;worker,33.27
2026-09-11T18:33:46,100.0,25,A4A5;other;worker,33.05
2026-09-11T18:34:08,100.0,25,A4A5;other;worker,28.81
2026-09-11T18:34:34,97.2,25,A4A5;other;worker,31.9
2026-09-11T18:34:58,43.4,25,A4A5;other;worker,34.5
2026-09-11T18:35:20,78.9,25,A4A5;other;worker,30.73
2026-09-11T18:35:46,87.3,25,A4A5;other;worker,35.17
2026-09-11T18:36:12,97.0,25,A4A5;other;worker,33.41
2026-09-11T18:36:38,99.7,25,A4A5;other;worker,29.97
2026-09-11T18:36:59,23.4,25,A4A5;other;worker,29.76
2026-09-11T18:37:24,78.6,25,A4A5;other;worker,25.7
2026-09-11T18:37:51,100.0,25,A4A5;other;worker,29.33
2026-09-11T18:38:12,7.0,25,A4A5;other;worker,22.67
2026-09-11T18:38:32,5.3,25,A4A5;other;worker,16.24
2026-09-11T18:38:53,5.6,25,A4A5;other;worker,10.71
2026-09-11T18:39:14,6.4,25,A4A5;other;worker,7.67
2026-09-11T18:39:34,7.0,25,A4A5;other;worker,5.5
2026-09-11T18:39:55,6.1,25,A4A5;other;worker,3.94
2026-09-11T18:40:15,6.1,25,A4A5;other;worker,2.82
2026-09-11T18:40:36,5.7,25,A4A5;other;worker,2.02
2026-09-11T18:40:56,5.9,25,A4A5;other;worker,1.45
2026-09-11T18:41:17,5.8,25,A4A5;other;worker,1.04
2026-09-11T18:41:37,6.0,23,A4A5;other;worker,0.9
2026-09-11T18:41:58,5.7,23,A4A5;other;worker,0.65
2026-09-11T18:42:19,6.2,20,A4A5;other;worker,0.68
2026-09-11T18:42:39,6.1,17,A4A5;other;worker,0.57
2026-09-11T18:43:00,5.6,15,A4A5;other;worker,0.41
2026-09-11T18:43:20,7.2,9,A4A5;other;worker,0.29
2026-09-11T18:43:41,5.3,5,A4A5;other;worker,0.21
2026-09-11T18:44:02,17.0,5,A4A5;other;worker,0.21
2026-09-11T18:44:22,10.8,5,A4A5;other;worker,0.15
2026-09-11T18:44:43,10.9,5,A4A5;other;worker,0.1
2026-09-11T18:45:04,5.1,5,A4A5;other;worker,0.21
2026-09-11T18:45:24,5.2,5,A4A5;other;worker,0.29
2026-09-11T18:45:45,5.7,5,A4A5;other;worker,0.21
2026-09-11T18:46:05,5.3,5,A4A5;other;worker,0.15
2026-09-11T18:46:26,5.4,5,A4A5;other;worker,0.11
2026-09-11T18:46:47,5.2,5,A4A5;other;worker,0.15
2026-09-11T18:47:07,5.0,5,A4A5;other;worker,0.18
2026-09-11T18:47:28,5.3,5,A4A5;other;worker,0.2
2026-09-11T18:47:48,5.4,5,A4A5;other;worker,0.23
2026-09-11T18:48:09,5.1,5,A4A5;other;worker,0.22
2026-09-11T18:48:29,5.1,5,A4A5;other;worker,0.15
2026-09-11T18:48:50,14.0,5,A4A5;other;worker,0.11
2026-09-11T18:49:10,5.2,5,A4A5;other;worker,0.08
2026-09-11T18:49:31,5.2,5,A4A5;other;worker,0.06
2026-09-11T18:49:51,5.2,5,A4A5;other;worker,0.04
2026-09-11T18:50:12,5.1,5,A4A5;other;worker,0.03
2026-09-11T18:50:32,5.6,5,A4A5;other;worker,0.02
2026-09-11T18:50:53,5.6,5,A4A5;other;worker,0.02
2026-09-11T18:51:14,13.2,5,A4A5;other;worker,0.01
2026-09-11T18:51:35,10.7,5,A4A5;other;worker,0.01
2026-09-11T18:51:56,11.0,5,A4A5;other;worker,0.01
2026-09-11T18:52:17,8.6,5,A4A5;other;worker,0.08
2026-09-11T18:52:38,14.9,5,A4A5;other;worker,0.12
2026-09-11T18:52:59,14.1,5,A4A5;other;worker,0.23
2026-09-11T18:53:19,13.6,5,A4A5;other;worker,0.15
2026-09-11T18:53:40,9.6,5,A4A5;other;worker,0.11
2026-09-11T18:54:01,16.0,5,A4A5;other;worker,0.08
2026-09-11T18:54:22,14.4,5,A4A5;other;worker,0.06
2026-09-11T18:54:43,15.7,5,A4A5;other;worker,0.04
2026-09-11T18:55:05,10.3,5,A4A5;other;worker,0.03
2026-09-11T18:55:26,12.9,5,A4A5;other;worker,0.02
2026-09-11T18:55:47,9.4,5,A4A5;other;worker,0.01
2026-09-11T18:56:07,15.6,5,A4A5;other;worker,0.01
2026-09-11T18:56:29,10.5,5,A4A5;other;worker,0.01
2026-09-11T18:56:49,12.6,5,A4A5;other;worker,0.0
2026-09-11T18:57:11,17.8,7,A4A5;B2;other;worker,0.0
2026-09-11T18:57:32,20.0,7,A4A5;other;worker,0.0
2026-09-11T18:57:54,13.1,5,A4A5;other;worker,0.0
2026-09-11T18:58:15,12.9,5,A4A5;other;worker,0.0
2026-09-11T18:58:37,13.5,5,A4A5;other;worker,0.0
2026-09-11T18:58:58,14.0,5,A4A5;other;worker,0.0
2026-09-11T18:59:19,11.0,5,A4A5;other;worker,0.0
2026-09-11T18:59:41,11.1,5,A4A5;other;worker,0.06
2026-09-11T19:00:02,9.2,5,A4A5;other;worker,0.04
2026-09-11T19:00:23,15.0,5,A4A5;other;worker,0.03
2026-09-11T19:00:44,10.9,5,A4A5;other;worker,0.02
2026-09-11T19:01:05,10.7,5,A4A5;other;worker,0.01
2026-09-11T19:01:27,9.4,5,A4A5;other;worker,0.01
2026-09-11T19:01:48,14.5,5,A4A5;other;worker,0.01
2026-09-11T19:02:09,11.2,5,A4A5;other;worker,0.01
2026-09-11T19:02:30,12.5,5,A4A5;other;worker,0.0
2026-09-11T19:02:52,10.9,5,A4A5;other;worker,0.0
2026-09-11T19:03:13,13.6,5,A4A5;other;worker,0.0
2026-09-11T19:03:34,12.8,5,A4A5;other;worker,0.0
2026-09-11T19:03:55,11.3,5,A4A5;other;worker,0.0
2026-09-11T19:04:17,12.6,5,A4A5;other;worker,0.0
2026-09-11T19:04:38,11.0,25,A4A5;other;worker,0.14
2026-09-11T19:04:59,6.2,25,A4A5;other;worker,0.1
2026-09-11T19:05:20,11.4,25,A4A5;other;worker,0.15
2026-09-11T19:05:41,13.2,25,A4A5;other;worker,0.1
2026-09-11T19:06:02,9.6,25,A4A5;other;worker,0.07
2026-09-11T19:06:23,12.6,25,A4A5;other;worker,0.38
2026-09-11T19:06:43,17.9,25,A4A5;other;worker,0.33
2026-09-11T19:07:05,12.5,25,A4A5;other;worker,0.3
2026-09-11T19:07:26,11.4,25,A4A5;other;worker,0.2
2026-09-11T19:07:47,11.4,25,A4A5;other;worker,0.14
2026-09-11T19:08:08,8.8,25,A4A5;other;worker,0.18
2026-09-11T19:08:29,6.2,25,A4A5;other;worker,0.2
2026-09-11T19:08:50,13.0,25,A4A5;other;worker,0.2
2026-09-11T19:09:11,14.2,25,A4A5;other;worker,0.14
2026-09-11T19:09:32,6.6,24,A4A5;other;worker,0.1
2026-09-11T19:09:53,6.9,19,A4A5;other;worker,0.07
2026-09-11T19:10:13,14.6,5,A4A5;other;worker,0.05
2026-09-11T19:10:35,13.2,5,A4A5;other;worker,0.11
2026-09-11T19:10:56,15.5,5,A4A5;other;worker,0.07
2026-09-11T19:11:17,27.0,5,A4A5;other;worker,0.05
2026-09-11T19:11:38,19.8,5,A4A5;other;worker,0.04
2026-09-11T19:11:59,12.7,5,A4A5;other;worker,0.03
2026-09-11T19:12:20,6.1,5,A4A5;other;worker,0.02
2026-09-11T19:12:41,14.7,5,A4A5;other;worker,0.01
2026-09-11T19:13:02,12.9,5,A4A5;other;worker,0.01
2026-09-11T19:13:23,5.4,5,A4A5;other;worker,0.01
2026-09-11T19:13:43,12.9,5,A4A5;other;worker,0.0
2026-09-11T19:14:04,14.5,5,A4A5;other;worker,0.0
2026-09-11T19:14:25,14.0,5,A4A5;other;worker,0.0
2026-09-11T19:14:46,10.0,5,A4A5;other;worker,0.0
2026-09-11T19:15:07,14.2,5,A4A5;other;worker,0.06
2026-09-11T19:15:27,12.8,5,A4A5;other;worker,0.05
2026-09-11T19:15:49,9.6,5,A4A5;other;worker,0.03
2026-09-11T19:16:10,10.6,5,A4A5;other;worker,0.02
2026-09-11T19:16:31,7.7,5,A4A5;other;worker,0.02
2026-09-11T19:16:52,11.7,5,A4A5;other;worker,0.01
2026-09-11T19:17:12,5.7,5,A4A5;other;worker,0.01
2026-09-11T19:17:33,7.4,5,A4A5;other;worker,0.01
2026-09-11T19:17:53,6.0,5,A4A5;other;worker,0.0
2026-09-11T19:18:14,7.3,5,A4A5;other;worker,0.08
2026-09-11T19:18:35,13.1,5,A4A5;other;worker,0.28
2026-09-11T19:18:56,11.8,5,A4A5;other;worker,0.38
2026-09-11T19:19:17,15.5,5,A4A5;other;worker,0.28
2026-09-11T19:19:38,15.4,5,A4A5;other;worker,0.27
2026-09-11T19:19:59,14.2,5,A4A5;other;worker,0.26
2026-09-11T19:20:20,11.1,5,A4A5;other;worker,0.18
2026-09-11T19:20:41,12.8,5,A4A5;other;worker,0.21
2026-09-11T19:21:01,13.0,5,A4A5;other;worker,0.14
2026-09-11T19:21:22,12.7,5,A4A5;other;worker,0.17
2026-09-11T19:21:43,13.7,5,A4A5;other;worker,0.12
2026-09-11T19:22:04,13.6,5,A4A5;other;worker,0.09
2026-09-11T19:22:25,16.1,5,A4A5;other;worker,0.06
2026-09-11T19:22:46,15.7,5,A4A5;other;worker,0.04
2026-09-11T19:23:07,14.9,5,A4A5;other;worker,0.09
2026-09-11T19:23:28,13.7,5,A4A5;other;worker,0.14
2026-09-11T19:23:49,14.4,5,A4A5;other;worker,0.1
2026-09-11T19:24:10,15.6,5,A4A5;other;worker,0.07
2026-09-11T19:24:30,8.2,5,A4A5;other;worker,0.12
2026-09-11T19:24:51,13.1,5,A4A5;other;worker,0.08
2026-09-11T19:25:12,19.4,5,A4A5;other;worker,0.06
2026-09-11T19:25:32,6.3,5,A4A5;other;worker,0.04
2026-09-11T19:25:53,5.2,5,A4A5;other;worker,0.03
2026-09-11T19:26:13,7.1,5,A4A5;other;worker,0.02
2026-09-11T19:26:34,5.3,5,A4A5;other;worker,0.01
2026-09-11T19:26:54,5.6,5,A4A5;other;worker,0.01
2026-09-11T19:27:15,9.3,5,A4A5;other;worker,0.01
2026-09-11T19:27:35,5.5,5,A4A5;other;worker,0.01
2026-09-11T19:27:56,5.8,5,A4A5;other;worker,0.0
2026-09-11T19:28:16,6.8,5,A4A5;other;worker,0.0
2026-09-11T19:28:36,5.6,5,A4A5;other;worker,0.0
2026-09-11T19:28:57,5.5,5,A4A5;other;worker,0.0
2026-09-11T19:29:17,6.2,5,A4A5;other;worker,0.0
2026-09-11T19:29:38,5.4,5,A4A5;other;worker,0.0
2026-09-11T19:29:58,6.0,5,A4A5;other;worker,0.07
2026-09-11T19:30:19,5.1,5,A4A5;other;worker,0.05
2026-09-11T19:30:39,5.3,5,A4A5;other;worker,0.04
2026-09-11T19:31:00,6.0,5,A4A5;other;worker,0.03
2026-09-11T19:31:20,5.0,5,A4A5;other;worker,0.02
2026-09-11T19:31:40,5.0,5,A4A5;other;worker,0.01
2026-09-11T19:32:01,6.1,5,A4A5;other;worker,0.08
2026-09-11T19:32:21,5.5,5,A4A5;other;worker,0.2
2026-09-11T19:32:42,5.7,25,A4A5;other;worker,2.61
2026-09-11T19:33:02,6.1,25,A4A5;other;worker,1.72
2026-09-11T19:33:22,5.1,25,A4A5;other;worker,2.08
2026-09-11T19:33:43,5.8,25,A4A5;other;worker,1.71
2026-09-11T19:34:03,6.2,25,A4A5;other;worker,1.45
2026-09-11T19:34:24,6.1,25,A4A5;other;worker,1.18
2026-09-11T19:34:44,6.1,25,A4A5;other;worker,0.91
2026-09-11T19:35:05,5.2,25,A4A5;other;worker,0.86
2026-09-11T19:35:25,10.0,25,A4A5;other;worker,0.68
2026-09-11T19:35:45,5.6,25,A4A5;other;worker,0.48
2026-09-11T19:36:06,5.4,25,A4A5;other;worker,0.35
2026-09-11T19:36:26,5.3,25,A4A5;other;worker,0.4
2026-09-11T19:36:47,5.8,25,A4A5;other;worker,0.29
2026-09-11T19:37:07,5.3,25,A4A5;other;worker,0.26
2026-09-11T19:37:28,5.3,25,A4A5;other;worker,0.26
2026-09-11T19:37:48,6.6,22,A4A5;other;worker,0.19
2026-09-11T19:38:09,7.2,5,A4A5;other;worker,0.13
2026-09-11T19:38:29,5.3,5,A4A5;other;worker,0.1
2026-09-11T19:38:49,5.9,5,A4A5;other;worker,0.07
2026-09-11T19:39:10,5.4,5,A4A5;other;worker,0.12
2026-09-11T19:39:30,5.6,5,A4A5;other;worker,0.23
2026-09-11T19:39:51,5.5,5,A4A5;other;worker,0.23
2026-09-11T19:40:11,5.5,5,A4A5;other;worker,0.17
2026-09-11T19:40:31,6.3,5,A4A5;other;worker,0.12
2026-09-11T19:40:52,5.5,5,A4A5;other;worker,0.09
2026-09-11T19:41:12,5.4,5,A4A5;other;worker,0.06
2026-09-11T19:41:33,6.2,5,A4A5;other;worker,0.04
2026-09-11T19:41:53,5.3,5,A4A5;other;worker,0.03
2026-09-11T19:42:13,5.2,5,A4A5;other;worker,0.02
2026-09-11T19:42:34,6.4,5,A4A5;other;worker,0.01
2026-09-11T19:42:54,5.4,5,A4A5;other;worker,0.01
2026-09-11T19:43:15,5.2,5,A4A5;other;worker,0.01
2026-09-11T19:43:35,6.1,5,A4A5;other;worker,0.01
2026-09-11T19:43:55,5.6,5,A4A5;other;worker,0.0
2026-09-11T19:44:16,5.4,5,A4A5;other;worker,0.0
2026-09-11T19:44:36,6.0,5,A4A5;other;worker,0.0
2026-09-11T19:44:57,5.3,5,A4A5;other;worker,0.0
2026-09-11T19:45:17,5.7,5,A4A5;other;worker,0.0
2026-09-11T19:45:37,5.3,5,A4A5;other;worker,0.07
2026-09-11T19:45:58,5.7,5,A4A5;other;worker,0.34
2026-09-11T19:46:18,5.6,5,A4A5;other;worker,0.56
2026-09-11T19:46:39,5.4,5,A4A5;other;worker,0.48
2026-09-11T19:46:59,5.5,5,A4A5;other;worker,0.55
2026-09-11T19:47:19,6.1,5,A4A5;other;worker,0.47
2026-09-11T19:47:40,5.4,5,A4A5;other;worker,0.41
2026-09-11T19:48:00,5.3,5,A4A5;other;worker,0.29
2026-09-11T19:48:21,6.3,5,A4A5;other;worker,0.28
2026-09-11T19:48:41,5.4,5,A4A5;other;worker,0.28
2026-09-11T19:49:01,5.2,5,A4A5;other;worker,0.28
2026-09-11T19:49:22,6.4,5,A4A5;other;worker,0.34
2026-09-11T19:49:42,5.3,5,A4A5;other;worker,0.32
2026-09-11T19:50:03,5.3,5,A4A5;other;worker,0.31
2026-09-11T19:50:23,6.1,5,A4A5;other;worker,0.22
2026-09-11T19:50:43,5.3,5,A4A5;other;worker,0.14
2026-09-11T19:51:04,5.4,5,A4A5;other;worker,0.1
2026-09-11T19:51:24,5.5,5,A4A5;other;worker,0.07
2026-09-11T19:51:45,5.2,5,A4A5;other;worker,0.05
2026-09-11T19:52:05,6.0,5,A4A5;other;worker,0.11
2026-09-11T19:52:25,5.1,5,A4A5;other;worker,0.08
2026-09-11T19:52:46,5.4,5,A4A5;other;worker,0.06
2026-09-11T19:53:06,6.0,5,A4A5;other;worker,0.04
2026-09-11T19:53:27,7.6,5,A4A5;other;worker,0.03
2026-09-11T19:53:47,5.4,5,A4A5;other;worker,0.02
2026-09-11T19:54:07,5.6,5,A4A5;other;worker,0.02
2026-09-11T19:54:28,5.6,5,A4A5;other;worker,0.09
2026-09-11T19:54:48,5.4,25,A4A5;other;worker,0.07
2026-09-11T19:55:09,6.1,25,A4A5;other;worker,0.05
2026-09-11T19:55:29,5.6,25,A4A5;other;worker,0.03
2026-09-11T19:55:49,5.5,25,A4A5;other;worker,0.02
2026-09-11T19:56:10,5.4,25,A4A5;other;worker,0.02
2026-09-11T19:56:30,5.3,25,A4A5;other;worker,0.01
2026-09-11T19:56:51,6.0,25,A4A5;other;worker,0.01
2026-09-11T19:57:11,5.6,25,A4A5;other;worker,0.01
2026-09-11T19:57:32,5.2,25,A4A5;other;worker,0.0
2026-09-11T19:57:52,6.3,25,A4A5;other;worker,0.0
2026-09-11T19:58:12,5.7,25,A4A5;other;worker,0.0
2026-09-11T19:58:33,5.2,25,A4A5;other;worker,0.0
2026-09-11T19:58:53,5.7,25,A4A5;other;worker,0.15
2026-09-11T19:59:14,5.4,25,A4A5;other;worker,0.32
2026-09-11T19:59:34,5.4,25,A4A5;other;worker,0.55
2026-09-11T19:59:55,5.8,19,A4A5;other;worker,0.55
2026-09-11T20:00:15,5.3,8,A4A5;other;worker,0.6
2026-09-11T20:00:35,5.9,8,A4A5;other;worker,0.43
2026-09-11T20:00:56,6.3,8,A4A5;other;worker,0.39
2026-09-11T20:01:16,5.1,8,A4A5;other;worker,0.56
2026-09-11T20:01:37,6.1,8,A4A5;other;worker,0.62
2026-09-11T20:01:57,5.7,8,A4A5;other;worker,0.58
2026-09-11T20:02:17,5.4,8,A4A5;other;worker,0.63
2026-09-11T20:02:38,6.4,8,A4A5;other;worker,0.52
2026-09-11T20:02:58,5.4,8,A4A5;other;worker,0.51
2026-09-11T20:03:19,5.5,8,A4A5;other;worker,0.37
2026-09-11T20:03:39,5.8,8,A4A5;other;worker,0.26
2026-09-11T20:03:59,5.7,8,A4A5;other;worker,0.19
2026-09-11T20:04:20,5.5,8,A4A5;other;worker,0.12
2026-09-11T20:04:40,5.9,7,A4A5;other;worker,0.09
2026-09-11T20:05:01,5.3,5,A4A5;other;worker,0.06
2026-09-11T20:05:21,5.3,5,A4A5;other;worker,0.05
2026-09-11T20:05:41,6.1,5,A4A5;other;worker,0.24
2026-09-11T20:06:02,5.5,5,A4A5;other;worker,0.17
2026-09-11T20:06:22,5.3,5,A4A5;other;worker,0.12
2026-09-11T20:06:43,5.1,5,A4A5;other;worker,0.09
2026-09-11T20:07:03,5.4,5,A4A5;other;worker,0.06
2026-09-11T20:07:23,5.5,5,A4A5;other;worker,0.05
2026-09-11T20:07:44,9.2,5,A4A5;other;worker,0.03
2026-09-11T20:08:04,5.6,5,A4A5;other;worker,0.02
2026-09-11T20:08:25,6.2,5,A4A5;other;worker,0.02
2026-09-11T20:08:45,5.4,5,A4A5;other;worker,0.01
2026-09-11T20:09:06,5.2,5,A4A5;other;worker,0.01
2026-09-11T20:09:26,6.2,5,A4A5;other;worker,0.01
2026-09-11T20:09:46,5.0,5,A4A5;other;worker,0.0
2026-09-11T20:10:07,5.6,5,A4A5;other;worker,0.08
2026-09-11T20:10:27,6.1,5,A4A5;other;worker,0.27
2026-09-11T20:10:48,5.5,5,A4A5;other;worker,0.48
2026-09-11T20:11:08,5.5,5,A4A5;other;worker,0.56
2026-09-11T20:11:28,5.6,5,A4A5;other;worker,0.47
2026-09-11T20:11:49,5.7,5,A4A5;other;worker,0.55
2026-09-11T20:12:09,5.8,5,A4A5;other;worker,0.62
2026-09-11T20:12:30,5.8,5,A4A5;other;worker,0.57
2026-09-11T20:12:50,5.5,5,A4A5;other;worker,0.62
2026-09-11T20:13:10,5.7,5,A4A5;other;worker,0.54
2026-09-11T20:13:31,5.3,5,A4A5;other;worker,0.53
2026-09-11T20:13:51,5.6,5,A4A5;other;worker,0.38
2026-09-11T20:14:12,5.7,5,A4A5;other;worker,0.27
2026-09-11T20:14:32,5.5,5,A4A5;other;worker,0.2
2026-09-11T20:14:52,5.5,5,A4A5;other;worker,0.14
2026-09-11T20:15:13,6.1,5,A4A5;other;worker,0.17
2026-09-11T20:15:33,5.5,25,A4A5;other;worker,0.19
2026-09-11T20:15:54,5.3,25,A4A5;other;worker,0.36
2026-09-11T20:16:14,5.9,25,A4A5;other;worker,0.38
2026-09-11T20:16:34,5.8,25,A4A5;other;worker,0.41
2026-09-11T20:16:55,5.6,25,A4A5;other;worker,0.37
2026-09-11T20:17:15,6.1,25,A4A5;other;worker,0.33
2026-09-11T20:17:36,6.1,25,A4A5;other;worker,0.23
2026-09-11T20:17:56,5.2,25,A4A5;other;worker,0.15
2026-09-11T20:18:16,5.3,25,A4A5;other;worker,0.11
2026-09-11T20:18:37,5.5,25,A4A5;other;worker,0.08
2026-09-11T20:18:57,5.7,25,A4A5;other;worker,0.06
2026-09-11T20:19:18,5.7,25,A4A5;other;worker,0.1
2026-09-11T20:19:38,5.4,25,A4A5;other;worker,0.14
2026-09-11T20:19:59,6.9,25,A4A5;other;worker,0.1
2026-09-11T20:20:19,5.3,25,A4A5;other;worker,0.07
2026-09-11T20:20:39,5.4,22,A4A5;other;worker,0.05
2026-09-11T20:21:00,6.8,11,A4A5;other;worker,0.04
2026-09-11T20:21:20,5.5,6,A4A5;other;worker,0.03
2026-09-11T20:21:41,5.7,6,A4A5;other;worker,0.02
2026-09-11T20:22:01,6.2,6,A4A5;other;worker,0.01
2026-09-11T20:22:21,6.0,6,A4A5;other;worker,0.01
2026-09-11T20:22:42,5.8,6,A4A5;other;worker,0.01
2026-09-11T20:23:02,5.5,6,A4A5;other;worker,0.0
2026-09-11T20:23:23,5.3,6,A4A5;other;worker,0.3
2026-09-11T20:23:43,5.6,6,A4A5;other;worker,0.5
2026-09-11T20:24:03,5.5,6,A4A5;other;worker,0.64
2026-09-11T20:24:24,5.4,6,A4A5;other;worker,0.74
2026-09-11T20:24:44,5.8,6,A4A5;other;worker,0.82
2026-09-11T20:25:04,5.5,6,A4A5;other;worker,0.72
2026-09-11T20:25:25,5.5,6,A4A5;other;worker,0.65
2026-09-11T20:25:45,6.1,5,A4A5;other;worker,0.68
2026-09-11T20:26:06,5.4,5,A4A5;other;worker,0.62
2026-09-11T20:26:26,5.3,5,A4A5;other;worker,0.44
2026-09-11T20:26:46,5.6,5,A4A5;other;worker,0.29
2026-09-11T20:27:07,5.7,5,A4A5;other;worker,0.43
2026-09-11T20:27:27,5.4,5,A4A5;other;worker,0.51
2026-09-11T20:27:48,5.7,5,A4A5;other;worker,0.51
2026-09-11T20:28:08,5.6,5,A4A5;other;worker,0.59
2026-09-11T20:28:28,5.6,5,A4A5;other;worker,0.58
2026-09-11T20:28:49,5.7,5,A4A5;other;worker,0.55
2026-09-11T20:29:09,5.4,5,A4A5;other;worker,0.6
2026-09-11T20:29:30,5.8,5,A4A5;other;worker,0.43
2026-09-11T20:29:50,5.3,5,A4A5;other;worker,0.31
2026-09-11T20:30:10,5.4,5,A4A5;other;worker,0.22
2026-09-11T20:30:31,6.0,5,A4A5;other;worker,0.16
2026-09-11T20:30:51,5.5,5,A4A5;other;worker,0.11
2026-09-11T20:31:12,5.5,5,A4A5;other;worker,0.08
2026-09-11T20:31:32,6.8,5,A4A5;other;worker,0.13
2026-09-11T20:31:52,5.3,5,A4A5;other;worker,0.17
2026-09-11T20:32:13,5.4,5,A4A5;other;worker,0.12
2026-09-11T20:32:33,6.6,5,A4A5;other;worker,0.09
2026-09-11T20:32:54,5.5,5,A4A5;other;worker,0.06
2026-09-11T20:33:14,5.7,5,A4A5;other;worker,0.04
2026-09-11T20:33:34,5.8,5,A4A5;other;worker,0.03
2026-09-11T20:33:55,5.3,5,A4A5;other;worker,0.02
2026-09-11T20:34:15,5.3,5,A4A5;other;worker,0.02
2026-09-11T20:34:36,5.8,5,A4A5;other;worker,0.01
2026-09-11T20:34:56,5.6,5,A4A5;other;worker,0.01
2026-09-11T20:35:16,5.7,5,A4A5;other;worker,0.01
2026-09-11T20:35:37,5.7,5,A4A5;other;worker,0.0
2026-09-11T20:35:57,5.4,5,A4A5;other;worker,0.08
2026-09-11T20:36:18,6.7,25,A4A5;other;worker,0.17
2026-09-11T20:36:38,5.4,25,A4A5;other;worker,0.12
2026-09-11T20:36:58,5.5,25,A4A5;other;worker,0.37
2026-09-11T20:37:19,5.6,25,A4A5;other;worker,0.33
2026-09-11T20:37:39,5.8,25,A4A5;other;worker,0.38
2026-09-11T20:38:00,5.4,25,A4A5;other;worker,0.42
2026-09-11T20:38:20,5.9,25,A4A5;other;worker,0.52
2026-09-11T20:38:41,5.5,25,A4A5;other;worker,0.45
2026-09-11T20:39:01,5.5,25,A4A5;other;worker,0.32
2026-09-11T20:39:21,5.7,25,A4A5;other;worker,0.31
2026-09-11T20:39:42,5.5,25,A4A5;other;worker,0.35
2026-09-11T20:40:02,5.8,25,A4A5;other;worker,0.25
2026-09-11T20:40:23,5.5,25,A4A5;other;worker,0.31
2026-09-11T20:40:43,5.3,25,A4A5;other;worker,0.36
2026-09-11T20:41:03,6.5,25,A4A5;other;worker,0.26
2026-09-11T20:41:24,5.5,20,A4A5;other;worker,0.19
2026-09-11T20:41:44,5.6,5,A4A5;other;worker,0.13
2026-09-11T20:42:05,6.1,5,A4A5;other;worker,0.1
2026-09-11T20:42:25,5.4,5,A4A5;other;worker,0.07
2026-09-11T20:42:45,5.5,5,A4A5;other;worker,0.05
2026-09-11T20:43:06,6.3,5,A4A5;other;worker,0.04
2026-09-11T20:43:26,5.5,5,A4A5;other;worker,0.03
2026-09-11T20:43:47,5.3,5,A4A5;other;worker,0.1
2026-09-11T20:44:07,6.6,5,A4A5;other;worker,0.07
2026-09-11T20:44:27,5.6,5,A4A5;other;worker,0.2
2026-09-11T20:44:48,5.7,5,A4A5;other;worker,0.15
2026-09-11T20:45:08,5.8,5,A4A5;other;worker,0.1
2026-09-11T20:45:29,5.5,5,A4A5;other;worker,0.07
2026-09-11T20:45:49,5.3,5,A4A5;other;worker,0.05
2026-09-11T20:46:09,6.0,5,A4A5;other;worker,0.04
2026-09-11T20:46:30,5.7,5,A4A5;other;worker,0.03
2026-09-11T20:46:50,6.2,5,A4A5;other;worker,0.02
2026-09-11T20:47:11,5.6,5,A4A5;other;worker,0.08
2026-09-11T20:47:31,5.3,5,A4A5;other;worker,0.06
2026-09-11T20:47:51,6.2,5,A4A5;other;worker,0.04
2026-09-11T20:48:12,5.7,5,A4A5;other;worker,0.03
2026-09-11T20:48:32,5.8,5,A4A5;other;worker,0.02
2026-09-11T20:48:53,7.0,5,A4A5;other;worker,0.02
2026-09-11T20:49:13,5.4,5,A4A5;other;worker,0.23
2026-09-11T20:49:33,5.3,5,A4A5;other;worker,0.49
2026-09-11T20:49:54,6.7,5,A4A5;other;worker,0.64
2026-09-11T20:50:14,5.5,5,A4A5;other;worker,0.59
2026-09-11T20:50:34,9.7,5,A4A5;other;worker,0.64
2026-09-11T20:50:55,5.4,5,A4A5;other;worker,0.68
2026-09-11T20:51:15,5.4,5,A4A5;other;worker,0.77
2026-09-11T20:51:36,6.0,5,A4A5;other;worker,0.83
2026-09-11T20:51:56,5.7,5,A4A5;other;worker,0.8
2026-09-11T20:52:16,5.4,5,A4A5;other;worker,0.79
2026-09-11T20:52:37,6.3,5,A4A5;other;worker,0.71
2026-09-11T20:52:57,5.1,5,A4A5;other;worker,0.51
2026-09-11T20:53:18,5.6,5,A4A5;other;worker,0.36
2026-09-11T20:53:38,6.5,5,A4A5;other;worker,0.26
2026-09-11T20:53:58,5.5,5,A4A5;other;worker,0.19
2026-09-11T20:54:19,5.6,5,A4A5;other;worker,0.25
2026-09-11T20:54:39,5.8,5,A4A5;other;worker,0.18
2026-09-11T20:55:00,5.4,5,A4A5;other;worker,0.13
2026-09-11T20:55:20,5.7,5,A4A5;other;worker,0.23
2026-09-11T20:55:40,6.0,5,A4A5;other;worker,0.17
2026-09-11T20:56:01,5.6,5,A4A5;other;worker,0.19
2026-09-11T20:56:21,5.9,5,A4A5;other;worker,0.13
2026-09-11T20:56:42,5.8,5,A4A5;other;worker,0.1
2026-09-11T20:57:02,5.3,25,A4A5;other;worker,0.14
2026-09-11T20:57:22,6.0,25,A4A5;other;worker,0.1
2026-09-11T20:57:43,5.3,25,A4A5;other;worker,0.07
2026-09-11T20:58:03,5.6,25,A4A5;other;worker,0.05
2026-09-11T20:58:24,7.0,25,A4A5;other;worker,0.04
2026-09-11T20:58:44,5.5,25,A4A5;other;worker,0.1
2026-09-11T20:59:05,5.6,25,A4A5;other;worker,0.07
2026-09-11T20:59:25,6.8,25,A4A5;other;worker,0.12
2026-09-11T20:59:45,5.3,25,A4A5;other;worker,0.08
2026-09-11T21:00:06,5.8,25,A4A5;other;worker,0.06
2026-09-11T21:00:26,6.8,25,A4A5;other;worker,0.04
2026-09-11T21:00:47,5.4,25,A4A5;other;worker,0.03
2026-09-11T21:01:07,5.9,25,A4A5;other;worker,0.02
2026-09-11T21:01:27,5.2,25,A4A5;other;worker,0.02
2026-09-11T21:01:48,5.1,25,A4A5;other;worker,0.01
2026-09-11T21:02:08,5.9,20,A4A5;other;worker,0.09
2026-09-11T21:02:29,5.3,5,A4A5;other;worker,0.42
2026-09-11T21:02:49,5.7,5,A4A5;other;worker,0.58
2026-09-11T21:03:09,6.3,5,A4A5;other;worker,0.73
2026-09-11T21:03:30,5.0,5,A4A5;other;worker,0.72
2026-09-11T21:03:50,5.6,5,A4A5;other;worker,0.8
2026-09-11T21:04:11,10.0,5,A4A5;other;worker,0.86
2026-09-11T21:04:31,5.3,5,A4A5;other;worker,0.68
2026-09-11T21:04:51,5.7,5,A4A5;other;worker,0.55
2026-09-11T21:05:12,6.3,5,A4A5;other;worker,0.4
2026-09-11T21:05:32,5.5,5,A4A5;other;worker,0.28
2026-09-11T21:05:53,5.3,5,A4A5;other;worker,0.41
2026-09-11T21:06:13,5.7,5,A4A5;other;worker,0.57
2026-09-11T21:06:33,5.7,5,A4A5;other;worker,0.49
2026-09-11T21:06:54,6.0,5,A4A5;other;worker,0.35
2026-09-11T21:07:14,5.4,5,A4A5;other;worker,0.45
2026-09-11T21:07:35,5.7,5,A4A5;other;worker,0.47
2026-09-11T21:07:55,6.1,5,A4A5;other;worker,0.31
2026-09-11T21:08:15,5.8,5,A4A5;other;worker,0.22
2026-09-11T21:08:36,5.5,5,A4A5;other;worker,0.16
2026-09-11T21:08:56,6.3,5,A4A5;other;worker,0.11
2026-09-11T21:09:17,5.4,5,A4A5;other;worker,0.08
2026-09-11T21:09:37,5.4,5,A4A5;other;worker,0.06
2026-09-11T21:09:57,5.8,5,A4A5;other;worker,0.11
2026-09-11T21:10:18,5.3,5,A4A5;other;worker,0.14
2026-09-11T21:10:38,5.3,5,A4A5;other;worker,0.1
2026-09-11T21:10:59,6.4,5,A4A5;other;worker,0.07
2026-09-11T21:11:19,5.3,5,A4A5;other;worker,0.05
2026-09-11T21:11:39,5.7,5,A4A5;other;worker,0.04
2026-09-11T21:12:00,5.6,5,A4A5;other;worker,0.03
2026-09-11T21:12:20,5.4,5,A4A5;other;worker,0.02
2026-09-11T21:12:41,5.7,5,A4A5;other;worker,0.01
2026-09-11T21:13:01,5.5,5,A4A5;other;worker,0.08
2026-09-11T21:13:21,5.2,5,A4A5;other;worker,0.06
2026-09-11T21:13:42,6.7,5,A4A5;other;worker,0.04
2026-09-11T21:14:02,5.4,5,A4A5;other;worker,0.03
2026-09-11T21:14:23,5.4,5,A4A5;other;worker,0.31
2026-09-11T21:14:43,6.0,5,A4A5;other;worker,0.51
2026-09-11T21:15:03,5.7,5,A4A5;other;worker,0.58
2026-09-11T21:15:24,5.2,5,A4A5;other;worker,0.54
2026-09-11T21:15:44,6.4,5,A4A5;other;worker,0.54
2026-09-11T21:16:05,5.2,5,A4A5;other;worker,0.52
2026-09-11T21:16:25,5.7,5,A4A5;other;worker,0.59
2026-09-11T21:16:45,5.5,5,A4A5;other;worker,0.63
2026-09-11T21:17:06,5.5,5,A4A5;other;worker,0.68
2026-09-11T21:17:26,6.0,5,A4A5;other;worker,0.63
2026-09-11T21:17:46,5.3,5,A4A5;other;worker,0.6
2026-09-11T21:18:07,5.1,5,A4A5;other;worker,0.43
2026-09-11T21:18:27,6.1,25,A4A5;other;worker,0.31
2026-09-11T21:18:48,5.1,25,A4A5;other;worker,0.22
2026-09-11T21:19:08,5.6,25,A4A5;other;worker,0.16
2026-09-11T21:19:29,5.9,25,A4A5;other;worker,0.24
2026-09-11T21:19:49,5.8,25,A4A5;other;worker,0.33
2026-09-11T21:20:09,5.1,25,A4A5;other;worker,0.46
2026-09-11T21:20:30,6.1,25,A4A5;other;worker,0.47
2026-09-11T21:20:50,5.5,25,A4A5;other;worker,0.42
2026-09-11T21:21:11,5.6,25,A4A5;other;worker,0.37
2026-09-11T21:21:31,5.9,25,A4A5;other;worker,0.25
2026-09-11T21:21:51,5.2,25,A4A5;other;worker,0.18
2026-09-11T21:22:12,5.6,25,A4A5;other;worker,0.13
2026-09-11T21:22:32,5.5,25,A4A5;other;worker,0.09
2026-09-11T21:22:53,5.5,25,A4A5;other;worker,0.06
2026-09-11T21:23:13,5.6,25,A4A5;other;worker,0.05
2026-09-11T21:23:34,5.8,21,A4A5;other;worker,0.03
2026-09-11T21:23:54,5.6,5,A4A5;other;worker,0.02
2026-09-11T21:24:14,5.8,5,A4A5;other;worker,0.02
2026-09-11T21:24:35,5.6,5,A4A5;other;worker,0.01
2026-09-11T21:24:55,6.0,5,A4A5;other;worker,0.01
2026-09-11T21:25:16,6.2,5,A4A5;other;worker,0.01
2026-09-11T21:25:36,5.5,5,A4A5;other;worker,0.0
2026-09-11T21:25:56,5.2,5,A4A5;other;worker,0.0
2026-09-11T21:26:17,5.8,5,A4A5;other;worker,0.0
2026-09-11T21:26:37,5.7,5,A4A5;other;worker,0.0
2026-09-11T21:26:57,5.3,5,A4A5;other;worker,0.0
2026-09-11T21:27:18,5.8,5,A4A5;other;worker,0.0
2026-09-11T21:27:38,5.4,5,A4A5;other;worker,0.22
2026-09-11T21:27:59,5.7,5,A4A5;other;worker,0.37
2026-09-11T21:28:19,5.4,5,A4A5;other;worker,0.49
2026-09-11T21:28:39,5.4,5,A4A5;other;worker,0.63
2026-09-11T21:29:00,5.9,5,A4A5;other;worker,0.53
2026-09-11T21:29:20,5.5,5,A4A5;other;worker,0.66
2026-09-11T21:29:41,5.5,5,A4A5;other;worker,0.62
2026-09-11T21:30:01,6.2,5,A4A5;other;worker,0.59
2026-09-11T21:30:21,5.4,5,A4A5;other;worker,0.55
2026-09-11T21:30:42,5.7,5,A4A5;other;worker,0.58
2026-09-11T21:31:02,5.8,5,A4A5;other;worker,0.55
2026-09-11T21:31:23,5.4,5,A4A5;other;worker,0.39
2026-09-11T21:31:43,5.3,5,A4A5;other;worker,0.28
2026-09-11T21:32:03,5.7,5,A4A5;other;worker,0.34
2026-09-11T21:32:24,5.5,5,A4A5;other;worker,0.47
2026-09-11T21:32:44,5.5,5,A4A5;other;worker,0.42
2026-09-11T21:33:05,5.9,5,A4A5;other;worker,0.38
2026-09-11T21:33:25,5.4,5,A4A5;other;worker,0.41
2026-09-11T21:33:45,5.7,5,A4A5;other;worker,0.3
2026-09-11T21:34:06,5.3,5,A4A5;other;worker,0.21
2026-09-11T21:34:26,5.5,5,A4A5;other;worker,0.15
2026-09-11T21:34:47,6.1,5,A4A5;other;worker,0.11
2026-09-11T21:35:07,5.6,5,A4A5;other;worker,0.16
2026-09-11T21:35:27,5.6,5,A4A5;other;worker,0.17
2026-09-11T21:35:48,5.9,5,A4A5;other;worker,0.18
2026-09-11T21:36:08,5.7,5,A4A5;other;worker,0.13
2026-09-11T21:36:29,5.3,5,A4A5;other;worker,0.09
2026-09-11T21:36:49,6.2,5,A4A5;other;worker,0.07
2026-09-11T21:37:09,5.3,5,A4A5;other;worker,0.05
2026-09-11T21:37:30,5.2,5,A4A5;other;worker,0.03
2026-09-11T21:37:50,5.9,5,A4A5;other;worker,0.02
2026-09-11T21:38:11,5.3,5,A4A5;other;worker,0.02
2026-09-11T21:38:31,5.5,5,A4A5;other;worker,0.01
2026-09-11T21:38:51,5.4,5,A4A5;other;worker,0.01
2026-09-11T21:39:12,5.3,5,A4A5;other;worker,0.09
2026-09-11T21:39:32,12.9,25,A4A5;other;worker,0.27
2026-09-11T21:39:53,5.2,25,A4A5;other;worker,0.26
2026-09-11T21:40:19,37.8,25,A4A5;other;worker,15.36
2026-09-11T21:40:47,100.0,25,A4A5;other;worker,20.56
2026-09-11T21:41:08,5.7,25,A4A5;other;worker,22.95
2026-09-11T21:41:35,100.0,25,A4A5;other;worker,26.65
2026-09-11T21:41:56,26.1,25,A4A5;other;worker,30.3
2026-09-11T21:42:25,61.6,25,A4A5;other;worker,32.94
2026-09-11T21:42:45,6.0,25,A4A5;other;worker,26.4
2026-09-11T21:43:05,5.8,25,A4A5;other;worker,19.0
2026-09-11T21:43:26,5.8,25,A4A5;other;worker,13.61
2026-09-11T21:43:46,5.5,25,A4A5;other;worker,9.83
2026-09-11T21:44:07,5.4,25,A4A5;other;worker,7.05
2026-09-11T21:44:27,6.1,25,A4A5;other;worker,5.2
2026-09-11T21:44:48,5.5,25,A4A5;other;worker,3.73
2026-09-11T21:45:08,5.6,25,A4A5;other;worker,2.46
2026-09-11T21:45:29,6.5,25,A4A5;other;worker,1.76
2026-09-11T21:45:49,5.6,25,A4A5;other;worker,1.26
2026-09-11T21:46:10,5.5,25,A4A5;other;worker,0.9
2026-09-11T21:46:30,5.9,21,A4A5;other;worker,0.65
2026-09-11T21:46:50,5.8,17,A4A5;other;worker,0.46
2026-09-11T21:47:11,5.3,14,A4A5;other;worker,0.33
2026-09-11T21:47:31,5.9,10,A4A5;other;worker,0.31
2026-09-11T21:47:52,5.4,5,A4A5;other;worker,0.22
2026-09-11T21:48:12,5.6,5,A4A5;other;worker,0.16
2026-09-11T21:48:32,5.7,5,A4A5;other;worker,0.11
2026-09-11T21:48:53,5.4,5,A4A5;other;worker,0.08
2026-09-11T21:49:13,5.9,5,A4A5;other;worker,0.06
2026-09-11T21:49:34,5.5,5,A4A5;other;worker,0.04
2026-09-11T21:49:54,5.6,5,A4A5;other;worker,0.03
2026-09-11T21:50:14,6.7,5,A4A5;other;worker,0.02
2026-09-11T21:50:35,11.3,5,A4A5;other;worker,0.01
2026-09-11T21:50:55,5.3,5,A4A5;other;worker,0.01
2026-09-11T21:51:16,6.4,5,A4A5;other;worker,0.23
2026-09-11T21:51:36,5.7,5,A4A5;other;worker,0.37
2026-09-11T21:51:56,5.5,5,A4A5;other;worker,0.34
2026-09-11T21:52:17,6.2,5,A4A5;other;worker,0.47
2026-09-11T21:52:37,5.5,5,A4A5;other;worker,0.48
2026-09-11T21:52:58,5.3,5,A4A5;other;worker,0.42
2026-09-11T21:53:18,6.3,5,A4A5;other;worker,0.38
2026-09-11T21:53:38,5.3,5,A4A5;other;worker,0.41
2026-09-11T21:53:59,5.9,5,A4A5;other;worker,0.5
2026-09-11T21:54:19,5.5,5,A4A5;other;worker,0.52
2026-09-11T21:54:39,5.5,5,A4A5;other;worker,0.37
2026-09-11T21:55:00,6.6,5,A4A5;other;worker,0.34
2026-09-11T21:55:20,6.3,5,A4A5;other;worker,0.32
2026-09-11T21:55:41,5.5,5,A4A5;other;worker,0.23
2026-09-11T21:56:01,6.2,5,A4A5;other;worker,0.16
2026-09-11T21:56:21,5.3,5,A4A5;other;worker,0.12
2026-09-11T21:56:42,5.5,5,A4A5;other;worker,0.16
2026-09-11T21:57:02,5.8,5,A4A5;other;worker,0.19
2026-09-11T21:57:23,5.7,5,A4A5;other;worker,0.14
2026-09-11T21:57:43,5.6,5,A4A5;other;worker,0.1
2026-09-11T21:58:03,6.4,5,A4A5;other;worker,0.07
2026-09-11T21:58:24,5.5,5,A4A5;other;worker,0.05
2026-09-11T21:58:44,5.7,5,A4A5;other;worker,0.04
2026-09-11T21:59:05,6.7,5,A4A5;other;worker,0.02
2026-09-11T21:59:25,5.4,5,A4A5;other;worker,0.02
2026-09-11T21:59:45,6.0,5,A4A5;other;worker,0.01
2026-09-11T22:00:06,5.7,5,A4A5;other;worker,0.01
2026-09-11T22:00:26,5.6,5,A4A5;other;worker,0.01
2026-09-11T22:00:46,6.2,5,A4A5;other;worker,0.0
2026-09-11T22:01:07,5.5,5,A4A5;other;worker,0.0
2026-09-11T22:01:27,5.3,5,A4A5;other;worker,0.0
2026-09-11T22:01:48,6.5,5,A4A5;other;worker,0.0
2026-09-11T22:02:08,5.7,5,A4A5;other;worker,0.0
2026-09-11T22:02:28,5.4,5,A4A5;other;worker,0.0
2026-09-11T22:02:49,6.8,5,A4A5;other;worker,0.0
2026-09-11T22:03:09,5.6,5,A4A5;other;worker,0.15
2026-09-11T22:03:30,5.5,5,A4A5;other;worker,0.39
2026-09-11T22:03:50,5.6,5,A4A5;other;worker,0.54
2026-09-11T22:04:10,5.5,5,A4A5;other;worker,0.67
2026-09-11T22:04:31,5.6,5,A4A5;other;worker,0.48
2026-09-11T22:04:51,5.7,5,A4A5;other;worker,0.35
2026-09-11T22:05:12,5.2,5,A4A5;other;worker,0.38
2026-09-11T22:05:32,6.0,5,A4A5;other;worker,0.27
2026-09-11T22:05:52,5.2,5,A4A5;other;worker,0.41
2026-09-11T22:06:13,5.7,5,A4A5;other;worker,0.52
2026-09-11T22:06:33,6.1,5,A4A5;other;worker,0.37
2026-09-11T22:06:54,5.4,5,A4A5;other;worker,0.27
2026-09-11T22:07:14,5.7,5,A4A5;other;worker,0.34
2026-09-11T22:07:34,6.6,5,A4A5;other;worker,0.24
2026-09-11T22:07:55,5.2,5,A4A5;other;worker,0.17
2026-09-11T22:08:15,5.4,5,A4A5;other;worker,0.11
2026-09-11T22:08:36,6.6,5,A4A5;other;worker,0.08
2026-09-11T22:08:56,5.4,5,A4A5;other;worker,0.06
2026-09-11T22:09:16,5.8,5,A4A5;other;worker,0.11
2026-09-11T22:09:37,6.0,5,A4A5;other;worker,0.08
2026-09-11T22:09:57,5.2,5,A4A5;other;worker,0.12
2026-09-11T22:10:18,5.6,5,A4A5;other;worker,0.08
2026-09-11T22:10:38,5.5,5,A4A5;other;worker,0.06
2026-09-11T22:10:58,5.3,5,A4A5;other;worker,0.04
2026-09-11T22:11:19,5.5,5,A4A5;other;worker,0.03
2026-09-11T22:11:39,5.8,5,A4A5;other;worker,0.02
2026-09-11T22:12:00,5.6,5,A4A5;other;worker,0.02
2026-09-11T22:12:20,6.5,5,A4A5;other;worker,0.01
2026-09-11T22:12:40,5.8,5,A4A5;other;worker,0.01
2026-09-11T22:13:01,5.7,5,A4A5;other;worker,0.01
2026-09-11T22:13:21,6.3,5,A4A5;other;worker,0.0
2026-09-11T22:13:42,5.4,5,A4A5;other;worker,0.0
2026-09-11T22:14:02,5.5,5,A4A5;other;worker,0.0
2026-09-11T22:14:22,7.0,5,A4A5;other;worker,0.0
2026-09-11T22:14:43,5.6,5,A4A5;other;worker,0.0
2026-09-11T22:15:03,5.6,5,A4A5;other;worker,0.0
2026-09-11T22:15:24,5.8,5,A4A5;other;worker,0.0
2026-09-11T22:15:44,5.5,5,A4A5;other;worker,0.0
2026-09-11T22:16:04,5.8,5,A4A5;other;worker,0.28
2026-09-11T22:16:25,5.8,5,A4A5;other;worker,0.42
2026-09-11T22:16:45,5.5,5,A4A5;other;worker,0.52
2026-09-11T22:17:06,6.1,5,A4A5;other;worker,0.66
2026-09-11T22:17:26,5.5,5,A4A5;other;worker,0.63
2026-09-11T22:17:46,5.8,5,A4A5;other;worker,0.51
2026-09-11T22:18:07,6.3,5,A4A5;other;worker,0.5
2026-09-11T22:18:27,5.8,5,A4A5;other;worker,0.36
2026-09-11T22:18:48,5.4,5,A4A5;other;worker,0.34
2026-09-11T22:19:08,6.1,5,A4A5;other;worker,0.37
2026-09-11T22:19:28,5.9,5,A4A5;other;worker,0.27
2026-09-11T22:19:49,5.4,5,A4A5;other;worker,0.19
2026-09-11T22:20:09,6.2,5,A4A5;other;worker,0.22
2026-09-11T22:20:30,5.4,5,A4A5;other;worker,0.24
2026-09-11T22:20:50,5.7,5,A4A5;other;worker,0.39
2026-09-11T22:21:10,5.6,5,A4A5;other;worker,0.49
2026-09-11T22:21:31,5.6,5,A4A5;other;worker,0.35
2026-09-11T22:21:51,6.0,5,A4A5;other;worker,0.36
2026-09-11T22:22:12,5.3,5,A4A5;other;worker,0.26
2026-09-11T22:22:32,5.4,5,A4A5;other;worker,0.19
2026-09-11T22:22:52,6.4,5,A4A5;other;worker,0.13
2026-09-11T22:23:13,5.4,5,A4A5;other;worker,0.1
2026-09-11T22:23:33,5.4,5,A4A5;other;worker,0.21
2026-09-11T22:23:53,6.6,5,A4A5;other;worker,0.29
2026-09-11T22:24:14,5.4,5,A4A5;other;worker,0.27
2026-09-11T22:24:34,5.5,5,A4A5;other;worker,0.26
2026-09-11T22:24:55,6.7,5,A4A5;other;worker,0.18
2026-09-11T22:25:15,5.4,5,A4A5;other;worker,0.13
2026-09-11T22:25:35,5.3,5,A4A5;other;worker,0.09
2026-09-11T22:25:56,5.1,5,A4A5;other;worker,0.07
2026-09-11T22:26:16,5.5,5,A4A5;other;worker,0.05
2026-09-11T22:26:37,6.1,5,A4A5;other;worker,0.03
2026-09-11T22:26:57,5.4,5,A4A5;other;worker,0.02
2026-09-11T22:27:17,5.5,5,A4A5;other;worker,0.02
2026-09-11T22:27:38,6.1,5,A4A5;other;worker,0.01
2026-09-11T22:27:58,5.6,5,A4A5;other;worker,0.01
2026-09-11T22:28:18,5.3,5,A4A5;other;worker,0.01
2026-09-11T22:28:39,6.0,5,A4A5;other;worker,0.08
2026-09-11T22:28:59,5.6,5,A4A5;other;worker,0.34
2026-09-11T22:29:20,5.3,5,A4A5;other;worker,0.53
2026-09-11T22:29:40,5.8,5,A4A5;other;worker,0.66
2026-09-11T22:30:00,5.5,5,A4A5;other;worker,0.76
2026-09-11T22:30:21,5.5,5,A4A5;other;worker,0.83
2026-09-11T22:30:41,6.7,5,A4A5;other;worker,0.66
2026-09-11T22:31:02,5.1,5,A4A5;other;worker,0.47
2026-09-11T22:31:22,5.7,5,A4A5;other;worker,0.6
2026-09-11T22:31:42,5.7,5,A4A5;other;worker,0.71
2026-09-11T22:32:03,5.8,5,A4A5;other;worker,0.71
2026-09-11T22:32:23,5.6,5,A4A5;other;worker,0.72
2026-09-11T22:32:43,5.4,5,A4A5;other;worker,0.52
2026-09-11T22:33:04,5.5,5,A4A5;other;worker,0.65
2026-09-11T22:33:24,5.9,5,A4A5;other;worker,0.6
2026-09-11T22:33:45,5.3,5,A4A5;other;worker,0.43
2026-09-11T22:34:05,5.5,5,A4A5;other;worker,0.31
2026-09-11T22:34:25,6.1,5,A4A5;other;worker,0.22
2026-09-11T22:34:46,5.4,5,A4A5;other;worker,0.16
2026-09-11T22:35:06,5.9,5,A4A5;other;worker,0.26
2026-09-11T22:35:27,6.1,5,A4A5;other;worker,0.34
2026-09-11T22:35:47,5.4,5,A4A5;other;worker,0.38
2026-09-11T22:36:07,5.5,5,A4A5;other;worker,0.31
2026-09-11T22:36:28,6.4,5,A4A5;other;worker,0.28
2026-09-11T22:36:48,5.5,5,A4A5;other;worker,0.2
2026-09-11T22:37:09,5.6,5,A4A5;other;worker,0.15
2026-09-11T22:37:29,5.4,5,A4A5;other;worker,0.1
2026-09-11T22:37:49,5.2,5,A4A5;other;worker,0.07
2026-09-11T22:38:10,5.8,5,A4A5;other;worker,0.05
2026-09-11T22:38:30,5.5,5,A4A5;other;worker,0.12
2026-09-11T22:38:51,5.5,5,A4A5;other;worker,0.15
2026-09-11T22:39:11,6.3,5,A4A5;other;worker,0.11
2026-09-11T22:39:31,5.4,5,A4A5;other;worker,0.08
2026-09-11T22:39:52,6.2,5,A4A5;other;worker,0.06
2026-09-11T22:40:12,5.9,5,A4A5;other;worker,0.04
2026-09-11T22:40:32,5.7,5,A4A5;other;worker,0.03
2026-09-11T22:40:53,5.5,5,A4A5;other;worker,0.02
2026-09-11T22:41:13,5.4,5,A4A5;other;worker,0.01
2026-09-11T22:41:34,62.4,25,A4A5;other;worker,3.24
2026-09-11T22:41:54,5.7,25,A4A5;other;worker,2.53
2026-09-11T22:42:15,6.3,25,A4A5;other;worker,2.1
2026-09-11T22:42:35,5.7,25,A4A5;other;worker,1.72
2026-09-11T22:42:56,5.6,25,A4A5;other;worker,1.37
2026-09-11T22:43:16,6.1,25,A4A5;other;worker,1.12
2026-09-11T22:43:36,5.3,25,A4A5;other;worker,0.96
2026-09-11T22:43:57,6.1,25,A4A5;other;worker,0.84
2026-09-11T22:44:17,5.2,25,A4A5;other;worker,0.6
2026-09-11T22:44:38,5.6,25,A4A5;other;worker,0.51
2026-09-11T22:44:58,6.1,25,A4A5;other;worker,0.39
2026-09-11T22:45:19,5.4,25,A4A5;other;worker,0.28
2026-09-11T22:45:39,5.4,25,A4A5;other;worker,0.27
2026-09-11T22:46:00,6.4,25,A4A5;other;worker,0.4
2026-09-11T22:46:20,5.7,25,A4A5;other;worker,0.28
2026-09-11T22:46:40,5.8,21,A4A5;other;worker,0.2
2026-09-11T22:47:01,6.6,9,A4A5;other;worker,0.15
2026-09-11T22:47:21,5.5,6,A4A5;other;worker,0.1
2026-09-11T22:47:42,5.1,6,A4A5;other;worker,0.07
2026-09-11T22:48:02,5.7,6,A4A5;other;worker,0.05
2026-09-11T22:48:22,5.8,6,A4A5;other;worker,0.04
2026-09-11T22:48:43,5.7,6,A4A5;other;worker,0.03
2026-09-11T22:49:03,5.5,6,A4A5;other;worker,0.02
2026-09-11T22:49:24,5.4,6,A4A5;other;worker,0.01
2026-09-11T22:49:44,6.3,6,A4A5;other;worker,0.01
2026-09-11T22:50:04,5.6,6,A4A5;other;worker,0.01
2026-09-11T22:50:25,5.5,6,A4A5;other;worker,0.0
2026-09-11T22:50:45,6.0,6,A4A5;other;worker,0.0
2026-09-11T22:51:06,5.4,6,A4A5;other;worker,0.0
2026-09-11T22:51:26,5.5,6,A4A5;other;worker,0.08
2026-09-11T22:51:46,6.6,5,A4A5;other;worker,0.06
2026-09-11T22:52:07,5.5,5,A4A5;other;worker,0.04
2026-09-11T22:52:27,5.7,5,A4A5;other;worker,0.1
2026-09-11T22:52:48,6.2,5,A4A5;other;worker,0.29
2026-09-11T22:53:08,5.6,5,A4A5;other;worker,0.49
2026-09-11T22:53:28,8.4,5,A4A5;other;worker,0.64
2026-09-11T22:53:49,5.3,5,A4A5;other;worker,0.69
2026-09-11T22:54:09,5.5,5,A4A5;other;worker,0.63
2026-09-11T22:54:30,6.3,5,A4A5;other;worker,0.45
2026-09-11T22:54:50,5.3,5,A4A5;other;worker,0.46
2026-09-11T22:55:10,5.7,5,A4A5;other;worker,0.41
2026-09-11T22:55:31,6.1,5,A4A5;other;worker,0.44
2026-09-11T22:55:51,5.3,5,A4A5;other;worker,0.37
2026-09-11T22:56:12,5.3,5,A4A5;other;worker,0.42
2026-09-11T22:56:32,6.7,5,A4A5;other;worker,0.38
2026-09-11T22:56:52,5.3,5,A4A5;other;worker,0.34
2026-09-11T22:57:13,5.4,5,A4A5;other;worker,0.24
2026-09-11T22:57:33,6.4,5,A4A5;other;worker,0.18
2026-09-11T22:57:54,5.4,5,A4A5;other;worker,0.13
2026-09-11T22:58:14,5.8,5,A4A5;other;worker,0.09
2026-09-11T22:58:34,5.9,5,A4A5;other;worker,0.06
2026-09-11T22:58:55,5.2,5,A4A5;other;worker,0.12
2026-09-11T22:59:15,5.8,5,A4A5;other;worker,0.08
2026-09-11T22:59:36,5.8,5,A4A5;other;worker,0.2
2026-09-11T22:59:56,5.3,5,A4A5;other;worker,0.14
2026-09-11T23:00:16,6.6,5,A4A5;other;worker,0.1
2026-09-11T23:00:37,5.9,5,A4A5;other;worker,0.07
2026-09-11T23:00:57,5.4,5,A4A5;other;worker,0.05
2026-09-11T23:01:17,5.8,5,A4A5;other;worker,0.04
2026-09-11T23:01:38,5.9,5,A4A5;other;worker,0.03
2026-09-11T23:01:58,5.4,5,A4A5;other;worker,0.02
2026-09-11T23:02:19,6.4,5,A4A5;other;worker,0.01
2026-09-11T23:02:39,5.3,5,A4A5;other;worker,0.01
2026-09-11T23:02:59,6.0,5,A4A5;other;worker,0.01
2026-09-11T23:03:20,6.3,5,A4A5;other;worker,0.0
2026-09-11T23:03:40,5.5,5,A4A5;other;worker,0.0
2026-09-11T23:04:00,5.8,5,A4A5;other;worker,0.0
2026-09-11T23:04:21,6.3,5,A4A5;other;worker,0.0
2026-09-11T23:04:41,5.8,5,A4A5;other;worker,0.15
2026-09-11T23:05:02,5.8,5,A4A5;other;worker,0.39
2026-09-11T23:05:22,5.5,5,A4A5;other;worker,0.49
2026-09-11T23:05:42,5.6,5,A4A5;other;worker,0.35
2026-09-11T23:06:03,5.9,5,A4A5;other;worker,0.39
2026-09-11T23:06:23,5.6,5,A4A5;other;worker,0.28
2026-09-11T23:06:44,5.4,5,A4A5;other;worker,0.35
2026-09-11T23:07:04,6.6,5,A4A5;other;worker,0.47
2026-09-11T23:07:24,5.5,5,A4A5;other;worker,0.34
2026-09-11T23:07:45,5.7,5,A4A5;other;worker,0.46
2026-09-11T23:08:05,6.8,5,A4A5;other;worker,0.3
2026-09-11T23:08:26,5.5,5,A4A5;other;worker,0.22
2026-09-11T23:08:46,5.7,5,A4A5;other;worker,0.16
2026-09-11T23:09:06,5.9,5,A4A5;other;worker,0.26
2026-09-11T23:09:27,5.6,5,A4A5;other;worker,0.19
2026-09-11T23:09:47,5.9,5,A4A5;other;worker,0.14
2026-09-11T23:10:08,5.7,5,A4A5;other;worker,0.1
2026-09-11T23:10:28,5.5,5,A4A5;other;worker,0.07
2026-09-11T23:10:48,5.8,5,A4A5;other;worker,0.05
2026-09-11T23:11:09,5.5,5,A4A5;other;worker,0.04
2026-09-11T23:11:29,5.6,5,A4A5;other;worker,0.03
2026-09-11T23:11:50,5.9,5,A4A5;other;worker,0.02
2026-09-11T23:12:10,5.2,5,A4A5;other;worker,0.01
2026-09-11T23:12:30,5.7,5,A4A5;other;worker,0.01
2026-09-11T23:12:51,6.6,5,A4A5;other;worker,0.01
2026-09-11T23:13:11,5.3,5,A4A5;other;worker,0.0
2026-09-11T23:13:32,5.5,5,A4A5;other;worker,0.0
2026-09-11T23:13:52,6.3,5,A4A5;other;worker,0.0
2026-09-11T23:14:12,5.2,5,A4A5;other;worker,0.0
2026-09-11T23:14:33,5.7,5,A4A5;other;worker,0.0
2026-09-11T23:14:53,6.5,5,A4A5;other;worker,0.0
2026-09-11T23:15:14,5.4,5,A4A5;other;worker,0.0
2026-09-11T23:15:34,5.7,5,A4A5;other;worker,0.0
2026-09-11T23:15:54,5.6,5,A4A5;other;worker,0.0
2026-09-11T23:16:15,5.6,5,A4A5;other;worker,0.0
2026-09-11T23:16:35,6.2,5,A4A5;other;worker,0.0
2026-09-11T23:16:55,5.4,5,A4A5;other;worker,0.28
2026-09-11T23:17:16,5.6,5,A4A5;other;worker,0.53
2026-09-11T23:17:36,6.4,5,A4A5;other;worker,0.66
2026-09-11T23:17:57,5.6,5,A4A5;other;worker,0.55
2026-09-11T23:18:17,5.3,5,A4A5;other;worker,0.6
2026-09-11T23:18:37,6.2,5,A4A5;other;worker,0.71
2026-09-11T23:18:58,6.0,5,A4A5;other;worker,0.71
2026-09-11T23:19:18,5.4,5,A4A5;other;worker,0.72
2026-09-11T23:19:39,6.2,5,A4A5;other;worker,0.72
2026-09-11T23:19:59,5.6,5,A4A5;other;worker,0.65
2026-09-11T23:20:19,5.7,5,A4A5;other;worker,0.62
2026-09-11T23:20:40,5.8,5,A4A5;other;worker,0.51
2026-09-11T23:21:00,5.4,5,A4A5;other;worker,0.36
2026-09-11T23:21:21,5.8,5,A4A5;other;worker,0.26
2026-09-11T23:21:41,5.5,5,A4A5;other;worker,0.19
2026-09-11T23:22:01,5.2,5,A4A5;other;worker,0.26
2026-09-11T23:22:22,6.2,5,A4A5;other;worker,0.26
2026-09-11T23:22:42,5.4,5,A4A5;other;worker,0.32
2026-09-11T23:23:03,5.4,5,A4A5;other;worker,0.23
2026-09-11T23:23:23,6.3,5,A4A5;other;worker,0.16
2026-09-11T23:23:43,5.3,5,A4A5;other;worker,0.12
2026-09-11T23:24:04,5.5,5,A4A5;other;worker,0.08
2026-09-11T23:24:24,6.3,5,A4A5;other;worker,0.06
2026-09-11T23:24:45,5.2,5,A4A5;other;worker,0.04
2026-09-11T23:25:05,5.4,5,A4A5;other;worker,0.03
2026-09-11T23:25:25,6.0,5,A4A5;other;worker,0.02
2026-09-11T23:25:46,5.4,5,A4A5;other;worker,0.02
2026-09-11T23:26:06,5.5,5,A4A5;other;worker,0.01
2026-09-11T23:26:27,5.7,5,A4A5;other;worker,0.01
2026-09-11T23:26:47,5.5,5,A4A5;other;worker,0.01
2026-09-11T23:27:07,5.8,5,A4A5;other;worker,0.0
2026-09-11T23:27:28,5.1,5,A4A5;other;worker,0.0
2026-09-11T23:27:48,5.2,5,A4A5;other;worker,0.0
2026-09-11T23:28:09,6.2,5,A4A5;other;worker,0.0
2026-09-11T23:28:29,6.5,5,A4A5;other;worker,0.0
2026-09-11T23:28:49,5.7,5,A4A5;other;worker,0.0
2026-09-11T23:29:10,6.5,5,A4A5;other;worker,0.08
2026-09-11T23:29:30,5.3,5,A4A5;other;worker,0.34
2026-09-11T23:29:50,6.2,5,A4A5;other;worker,0.46
2026-09-11T23:30:11,6.7,5,A4A5;other;worker,0.55
2026-09-11T23:30:31,5.5,5,A4A5;other;worker,0.59
2026-09-11T23:30:52,5.5,5,A4A5;other;worker,0.71
2026-09-11T23:31:12,6.1,5,A4A5;other;worker,0.69
2026-09-11T23:31:32,5.4,5,A4A5;other;worker,0.78
2026-09-11T23:31:53,5.8,5,A4A5;other;worker,0.69
2026-09-11T23:32:13,5.3,5,A4A5;other;worker,0.49
2026-09-11T23:32:33,5.4,5,A4A5;other;worker,0.51
2026-09-11T23:32:54,6.0,5,A4A5;other;worker,0.44
2026-09-11T23:33:14,5.5,5,A4A5;other;worker,0.6
2026-09-11T23:33:35,5.7,5,A4A5;other;worker,0.64
2026-09-11T23:33:55,6.1,5,A4A5;other;worker,0.66
2026-09-11T23:34:15,5.5,5,A4A5;other;worker,0.55
2026-09-11T23:34:36,5.6,5,A4A5;other;worker,0.39
2026-09-11T23:34:56,6.0,5,A4A5;other;worker,0.28
2026-09-11T23:35:17,5.9,5,A4A5;other;worker,0.2
2026-09-11T23:35:37,5.6,5,A4A5;other;worker,0.22
2026-09-11T23:35:57,7.3,5,A4A5;other;worker,0.15
2026-09-11T23:36:18,5.6,5,A4A5;other;worker,0.25
2026-09-11T23:36:38,6.2,5,A4A5;other;worker,0.24
2026-09-11T23:36:59,6.2,5,A4A5;other;worker,0.17
2026-09-11T23:37:19,5.5,5,A4A5;other;worker,0.13
2026-09-11T23:37:39,5.4,5,A4A5;other;worker,0.09
2026-09-11T23:38:00,6.8,5,A4A5;other;worker,0.06
2026-09-11T23:38:20,5.6,5,A4A5;other;worker,0.05
2026-09-11T23:38:41,6.1,5,A4A5;other;worker,0.03
2026-09-11T23:39:01,5.6,5,A4A5;other;worker,0.02
2026-09-11T23:39:21,5.4,5,A4A5;other;worker,0.1
2026-09-11T23:39:42,6.3,5,A4A5;other;worker,0.07
2026-09-11T23:40:02,5.6,5,A4A5;other;worker,0.12
2026-09-11T23:40:23,5.6,5,A4A5;other;worker,0.08
2026-09-11T23:40:43,6.1,5,A4A5;other;worker,0.06
2026-09-11T23:41:03,6.0,5,A4A5;other;worker,0.04
2026-09-11T23:41:24,5.8,5,A4A5;other;worker,0.03
2026-09-11T23:41:44,6.0,5,A4A5;other;worker,0.02
2026-09-11T23:42:05,5.1,5,A4A5;other;worker,0.01
2026-09-11T23:42:25,5.7,5,A4A5;other;worker,0.29
2026-09-11T23:42:45,5.3,5,A4A5;other;worker,0.49
2026-09-11T23:43:06,5.3,5,A4A5;other;worker,0.42
2026-09-11T23:43:26,6.0,5,A4A5;other;worker,0.43
2026-09-11T23:43:46,5.4,5,A4A5;other;worker,0.38
2026-09-11T23:44:07,55.3,25,A4A5;other;worker,4.8
2026-09-11T23:44:27,6.0,25,A4A5;other;worker,3.51
2026-09-11T23:44:48,5.5,25,A4A5;other;worker,2.66
2026-09-11T23:45:08,5.7,25,A4A5;other;worker,2.02
2026-09-11T23:45:29,6.8,25,A4A5;other;worker,1.59
2026-09-11T23:45:49,5.2,25,A4A5;other;worker,1.34
2026-09-11T23:46:10,5.8,25,A4A5;other;worker,1.03
2026-09-11T23:46:30,6.4,25,A4A5;other;worker,0.74
2026-09-11T23:46:50,5.8,25,A4A5;other;worker,0.53
2026-09-11T23:47:11,5.6,25,A4A5;other;worker,0.38
2026-09-11T23:47:31,5.9,25,A4A5;other;worker,0.35
2026-09-11T23:47:52,5.4,25,A4A5;other;worker,0.25
2026-09-11T23:48:12,5.5,25,A4A5;other;worker,0.33
2026-09-11T23:48:32,5.5,25,A4A5;other;worker,0.44
2026-09-11T23:48:53,5.2,25,A4A5;other;worker,0.38
2026-09-11T23:49:13,6.1,23,A4A5;other;worker,0.27
2026-09-11T23:49:34,6.1,9,A4A5;other;worker,0.18
2026-09-11T23:49:54,5.8,6,A4A5;other;worker,0.13
2026-09-11T23:50:14,6.7,6,A4A5;other;worker,0.09
2026-09-11T23:50:35,10.8,6,A4A5;other;worker,0.07
2026-09-11T23:50:55,5.6,6,A4A5;other;worker,0.05
2026-09-11T23:51:16,6.1,6,A4A5;other;worker,0.03
2026-09-11T23:51:36,5.5,6,A4A5;other;worker,0.1
2026-09-11T23:51:56,5.2,6,A4A5;other;worker,0.14
2026-09-11T23:52:17,6.1,6,A4A5;other;worker,0.1
2026-09-11T23:52:37,5.4,6,A4A5;other;worker,0.07
2026-09-11T23:52:58,5.5,6,A4A5;other;worker,0.05
2026-09-11T23:53:18,6.1,6,A4A5;other;worker,0.04
2026-09-11T23:53:38,5.6,6,A4A5;other;worker,0.03
2026-09-11T23:53:59,6.4,6,A4A5;other;worker,0.24
2026-09-11T23:54:19,5.4,5,A4A5;other;worker,0.45
2026-09-11T23:54:40,5.9,5,A4A5;other;worker,0.53
2026-09-11T23:55:00,6.1,5,A4A5;other;worker,0.58
2026-09-11T23:55:20,5.8,5,A4A5;other;worker,0.42
2026-09-11T23:55:41,6.0,5,A4A5;other;worker,0.3
2026-09-11T23:56:01,6.6,5,A4A5;other;worker,0.29
2026-09-11T23:56:22,5.4,5,A4A5;other;worker,0.35
2026-09-11T23:56:42,5.3,5,A4A5;other;worker,0.46
2026-09-11T23:57:02,6.8,5,A4A5;other;worker,0.48
2026-09-11T23:57:23,5.5,5,A4A5;other;worker,0.49
2026-09-11T23:57:43,5.5,5,A4A5;other;worker,0.49
2026-09-11T23:58:04,6.6,5,A4A5;other;worker,0.43
2026-09-11T23:58:24,5.3,5,A4A5;other;worker,0.38
2026-09-11T23:58:44,5.4,5,A4A5;other;worker,0.39
2026-09-11T23:59:05,6.7,5,A4A5;other;worker,0.28
2026-09-11T23:59:25,5.5,5,A4A5;other;worker,0.2
2026-09-11T23:59:46,5.7,5,A4A5;other;worker,0.14
2026-09-12T00:00:06,5.6,5,A4A5;other;worker,0.1
2026-09-12T00:00:26,5.8,5,A4A5;other;worker,0.07
2026-09-12T00:00:47,6.8,5,A4A5;other;worker,0.05
2026-09-12T00:01:07,5.5,5,A4A5;other;worker,0.18
2026-09-12T00:01:28,5.7,5,A4A5;other;worker,0.2
2026-09-12T00:01:48,7.1,5,A4A5;other;worker,0.3
2026-09-12T00:02:08,5.5,5,A4A5;other;worker,0.29
2026-09-12T00:02:29,5.5,5,A4A5;other;worker,0.21
2026-09-12T00:02:49,6.2,5,A4A5;other;worker,0.15
2026-09-12T00:03:10,6.0,5,A4A5;other;worker,0.1
2026-09-12T00:03:30,5.5,5,A4A5;other;worker,0.07
2026-09-12T00:03:50,6.2,5,A4A5;other;worker,0.05
2026-09-12T00:04:11,5.5,5,A4A5;other;worker,0.04
2026-09-12T00:04:31,5.8,5,A4A5;other;worker,0.03
2026-09-12T00:04:52,5.5,5,A4A5;other;worker,0.02
2026-09-12T00:05:12,5.4,5,A4A5;other;worker,0.01
2026-09-12T00:05:32,6.0,5,A4A5;other;worker,0.01
2026-09-12T00:05:53,5.8,5,A4A5;other;worker,0.01
2026-09-12T00:06:13,5.5,5,A4A5;other;worker,0.0
2026-09-12T00:06:34,5.8,5,A4A5;other;worker,0.22
2026-09-12T00:06:54,5.5,5,A4A5;other;worker,0.44
2026-09-12T00:07:14,5.4,5,A4A5;other;worker,0.6
2026-09-12T00:07:35,6.5,5,A4A5;other;worker,0.71
2026-09-12T00:07:55,5.4,5,A4A5;other;worker,0.75
2026-09-12T00:08:15,5.6,5,A4A5;other;worker,0.54
2026-09-12T00:08:36,6.2,5,A4A5;other;worker,0.46
2026-09-12T00:08:56,5.5,5,A4A5;other;worker,0.62
2026-09-12T00:09:17,6.0,5,A4A5;other;worker,0.52
2026-09-12T00:09:37,6.2,5,A4A5;other;worker,0.52
2026-09-12T00:09:57,5.4,5,A4A5;other;worker,0.5
2026-09-12T00:10:18,5.7,5,A4A5;other;worker,0.44
2026-09-12T00:10:38,6.3,5,A4A5;other;worker,0.31
2026-09-12T00:10:59,5.6,5,A4A5;other;worker,0.22
2026-09-12T00:11:19,5.9,5,A4A5;other;worker,0.16
2026-09-12T00:11:39,5.5,5,A4A5;other;worker,0.11
2026-09-12T00:12:00,5.7,5,A4A5;other;worker,0.08
2026-09-12T00:12:20,6.9,5,A4A5;other;worker,0.05
2026-09-12T00:12:41,5.5,5,A4A5;other;worker,0.04
2026-09-12T00:13:01,5.3,5,A4A5;other;worker,0.03
2026-09-12T00:13:21,5.8,5,A4A5;other;worker,0.17
2026-09-12T00:13:42,5.7,5,A4A5;other;worker,0.12
2026-09-12T00:14:02,5.2,5,A4A5;other;worker,0.15
2026-09-12T00:14:23,6.2,5,A4A5;other;worker,0.11
2026-09-12T00:14:43,5.5,5,A4A5;other;worker,0.08
2026-09-12T00:15:03,5.8,5,A4A5;other;worker,0.05
2026-09-12T00:15:24,5.5,5,A4A5;other;worker,0.04
2026-09-12T00:15:44,5.2,5,A4A5;other;worker,0.03
2026-09-12T00:16:05,6.1,5,A4A5;other;worker,0.02
2026-09-12T00:16:25,5.5,5,A4A5;other;worker,0.01
2026-09-12T00:16:45,5.2,5,A4A5;other;worker,0.08
2026-09-12T00:17:06,5.3,5,A4A5;other;worker,0.06
2026-09-12T00:17:26,5.5,5,A4A5;other;worker,0.04
2026-09-12T00:17:47,5.2,5,A4A5;other;worker,0.03
2026-09-12T00:18:07,5.7,5,A4A5;other;worker,0.02
2026-09-12T00:18:27,5.6,5,A4A5;other;worker,0.01
2026-09-12T00:18:48,5.2,5,A4A5;other;worker,0.01
2026-09-12T00:19:08,6.7,5,A4A5;other;worker,0.16
2026-09-12T00:19:29,5.4,5,A4A5;other;worker,0.4
2026-09-12T00:19:49,5.7,5,A4A5;other;worker,0.43
2026-09-12T00:20:09,5.9,5,A4A5;other;worker,0.39
2026-09-12T00:20:30,5.6,5,A4A5;other;worker,0.49
2026-09-12T00:20:50,6.0,5,A4A5;other;worker,0.57
2026-09-12T00:21:11,5.2,5,A4A5;other;worker,0.55
2026-09-12T00:21:31,5.3,5,A4A5;other;worker,0.46
2026-09-12T00:21:51,6.4,5,A4A5;other;worker,0.56
2026-09-12T00:22:12,5.3,5,A4A5;other;worker,0.47
2026-09-12T00:22:32,5.3,5,A4A5;other;worker,0.4
2026-09-12T00:22:53,6.2,5,A4A5;other;worker,0.28
2026-09-12T00:23:13,5.5,5,A4A5;other;worker,0.2
2026-09-12T00:23:33,5.4,5,A4A5;other;worker,0.15
2026-09-12T00:23:54,6.2,5,A4A5;other;worker,0.17
2026-09-12T00:24:14,5.8,5,A4A5;other;worker,0.26
2026-09-12T00:24:35,5.5,5,A4A5;other;worker,0.25
2026-09-12T00:24:55,6.1,5,A4A5;other;worker,0.24
2026-09-12T00:25:15,5.4,5,A4A5;other;worker,0.17
2026-09-12T00:25:36,5.9,5,A4A5;other;worker,0.12
2026-09-12T00:25:56,5.7,5,A4A5;other;worker,0.09
2026-09-12T00:26:17,5.6,5,A4A5;other;worker,0.06
2026-09-12T00:26:37,5.9,5,A4A5;other;worker,0.04
2026-09-12T00:26:57,5.6,5,A4A5;other;worker,0.17
2026-09-12T00:27:18,5.5,5,A4A5;other;worker,0.12
2026-09-12T00:27:38,6.7,5,A4A5;other;worker,0.09
2026-09-12T00:27:59,5.4,5,A4A5;other;worker,0.06
2026-09-12T00:28:19,5.4,5,A4A5;other;worker,0.04
2026-09-12T00:28:39,6.8,5,A4A5;other;worker,0.03
2026-09-12T00:29:00,5.4,5,A4A5;other;worker,0.02
2026-09-12T00:29:20,5.6,5,A4A5;other;worker,0.02
2026-09-12T00:29:41,6.3,5,A4A5;other;worker,0.01
2026-09-12T00:30:01,5.6,5,A4A5;other;worker,0.01
2026-09-12T00:30:21,5.4,5,A4A5;other;worker,0.23
2026-09-12T00:30:42,6.4,5,A4A5;other;worker,0.37
2026-09-12T00:31:02,5.6,5,A4A5;other;worker,0.44
2026-09-12T00:31:23,5.3,5,A4A5;other;worker,0.53
2026-09-12T00:31:43,5.4,5,A4A5;other;worker,0.52
2026-09-12T00:32:03,5.5,5,A4A5;other;worker,0.5
2026-09-12T00:32:24,5.9,5,A4A5;other;worker,0.36
2026-09-12T00:32:44,5.5,5,A4A5;other;worker,0.48
2026-09-12T00:33:05,5.4,5,A4A5;other;worker,0.49
2026-09-12T00:33:25,6.4,5,A4A5;other;worker,0.49
2026-09-12T00:33:45,5.5,5,A4A5;other;worker,0.49
2026-09-12T00:34:06,5.7,5,A4A5;other;worker,0.57
2026-09-12T00:34:26,5.9,5,A4A5;other;worker,0.48
2026-09-12T00:34:47,5.3,5,A4A5;other;worker,0.34
2026-09-12T00:35:07,5.5,5,A4A5;other;worker,0.24
2026-09-12T00:35:27,6.2,5,A4A5;other;worker,0.16
2026-09-12T00:35:48,5.4,5,A4A5;other;worker,0.12
2026-09-12T00:36:08,5.5,5,A4A5;other;worker,0.15
2026-09-12T00:36:29,6.1,5,A4A5;other;worker,0.19
2026-09-12T00:36:49,5.3,5,A4A5;other;worker,0.2
2026-09-12T00:37:09,6.0,5,A4A5;other;worker,0.21
2026-09-12T00:37:30,5.8,5,A4A5;other;worker,0.15
2026-09-12T00:37:50,5.7,5,A4A5;other;worker,0.11
2026-09-12T00:38:11,8.8,5,A4A5;other;worker,0.08
2026-09-12T00:38:31,5.4,5,A4A5;other;worker,0.05
2026-09-12T00:38:51,5.7,5,A4A5;other;worker,0.04
2026-09-12T00:39:12,6.1,5,A4A5;other;worker,0.03
2026-09-12T00:39:32,5.5,5,A4A5;other;worker,0.09
2026-09-12T00:39:53,5.4,5,A4A5;other;worker,0.12
2026-09-12T00:40:13,5.6,5,A4A5;other;worker,0.09
2026-09-12T00:40:33,5.6,5,A4A5;other;worker,0.06
2026-09-12T00:40:54,5.3,5,A4A5;other;worker,0.05
2026-09-12T00:41:14,6.3,5,A4A5;other;worker,0.03
2026-09-12T00:41:35,5.3,5,A4A5;other;worker,0.02
2026-09-12T00:41:55,5.6,5,A4A5;other;worker,0.3
2026-09-12T00:42:15,5.3,5,A4A5;other;worker,0.5
2026-09-12T00:42:36,5.7,5,A4A5;other;worker,0.56
2026-09-12T00:42:56,5.7,5,A4A5;other;worker,0.48
2026-09-12T00:43:17,5.3,5,A4A5;other;worker,0.63
2026-09-12T00:43:37,5.1,5,A4A5;other;worker,0.6
2026-09-12T00:43:57,6.2,5,A4A5;other;worker,0.57
2026-09-12T00:44:18,5.4,5,A4A5;other;worker,0.56
2026-09-12T00:44:38,5.5,5,A4A5;other;worker,0.44
2026-09-12T00:44:59,6.3,25,A4A5;other;worker,3.9
2026-09-12T00:45:19,5.5,25,A4A5;other;worker,2.88
2026-09-12T00:45:39,5.5,25,A4A5;other;worker,2.06
2026-09-12T00:46:00,7.1,25,A4A5;other;worker,1.48
2026-09-12T00:46:20,5.9,25,A4A5;other;worker,1.13
2026-09-12T00:46:41,6.1,25,A4A5;other;worker,0.81
2026-09-12T00:47:01,6.6,25,A4A5;other;worker,0.73
2026-09-12T00:47:22,5.3,25,A4A5;other;worker,0.53
2026-09-12T00:47:42,5.8,25,A4A5;other;worker,0.38
2026-09-12T00:48:02,5.6,25,A4A5;other;worker,0.27
2026-09-12T00:48:23,5.4,25,A4A5;other;worker,0.19
2026-09-12T00:48:43,6.3,25,A4A5;other;worker,0.14
2026-09-12T00:49:04,6.0,25,A4A5;other;worker,0.09
2026-09-12T00:49:24,5.8,25,A4A5;other;worker,0.07
2026-09-12T00:49:44,6.3,25,A4A5;other;worker,0.05
2026-09-12T00:50:05,5.4,19,A4A5;other;worker,0.03
2026-09-12T00:50:25,5.5,5,A4A5;other;worker,0.1
2026-09-12T00:50:46,7.3,5,A4A5;other;worker,0.07
2026-09-12T00:51:06,5.3,5,A4A5;other;worker,0.05
2026-09-12T00:51:27,5.5,5,A4A5;other;worker,0.04
2026-09-12T00:51:47,6.1,5,A4A5;other;worker,0.03
2026-09-12T00:52:07,5.4,5,A4A5;other;worker,0.02
2026-09-12T00:52:28,5.4,5,A4A5;other;worker,0.01
2026-09-12T00:52:48,5.7,5,A4A5;other;worker,0.01
2026-09-12T00:53:09,5.4,5,A4A5;other;worker,0.01
2026-09-12T00:53:29,6.3,5,A4A5;other;worker,0.08
2026-09-12T00:53:49,5.3,5,A4A5;other;worker,0.27
2026-09-12T00:54:10,6.0,5,A4A5;other;worker,0.41
2026-09-12T00:54:30,5.8,5,A4A5;other;worker,0.58
2026-09-12T00:54:51,6.1,5,A4A5;other;worker,0.7
2026-09-12T00:55:11,5.4,5,A4A5;other;worker,0.78
2026-09-12T00:55:31,6.4,5,A4A5;other;worker,0.84
2026-09-12T00:55:52,5.5,5,A4A5;other;worker,0.61
2026-09-12T00:56:12,5.5,5,A4A5;other;worker,0.65
2026-09-12T00:56:33,6.7,5,A4A5;other;worker,0.54
2026-09-12T00:56:53,5.3,5,A4A5;other;worker,0.45
2026-09-12T00:57:13,5.5,5,A4A5;other;worker,0.39
2026-09-12T00:57:34,6.6,5,A4A5;other;worker,0.35
2026-09-12T00:57:54,5.5,5,A4A5;other;worker,0.42
2026-09-12T00:58:15,5.6,5,A4A5;other;worker,0.3
2026-09-12T00:58:35,6.2,5,A4A5;other;worker,0.21
2026-09-12T00:58:55,5.4,5,A4A5;other;worker,0.15
2026-09-12T00:59:16,5.6,5,A4A5;other;worker,0.11
2026-09-12T00:59:36,5.4,5,A4A5;other;worker,0.16
2026-09-12T00:59:57,5.2,5,A4A5;other;worker,0.11
2026-09-12T01:00:17,6.7,5,A4A5;other;worker,0.21
2026-09-12T01:00:37,5.6,5,A4A5;other;worker,0.15
2026-09-12T01:00:58,5.5,5,A4A5;other;worker,0.11
2026-09-12T01:01:18,6.9,5,A4A5;other;worker,0.08
2026-09-12T01:01:39,5.8,5,A4A5;other;worker,0.06
2026-09-12T01:01:59,5.4,5,A4A5;other;worker,0.11
2026-09-12T01:02:19,6.9,5,A4A5;other;worker,0.08
2026-09-12T01:02:40,5.5,5,A4A5;other;worker,0.12
2026-09-12T01:03:00,5.6,5,A4A5;other;worker,0.08
2026-09-12T01:03:21,6.3,5,A4A5;other;worker,0.06
2026-09-12T01:03:41,5.4,5,A4A5;other;worker,0.04
2026-09-12T01:04:01,6.1,5,A4A5;other;worker,0.03
2026-09-12T01:04:22,5.7,5,A4A5;other;worker,0.02
2026-09-12T01:04:42,5.6,5,A4A5;other;worker,0.02
2026-09-12T01:05:03,5.7,5,A4A5;other;worker,0.17
2026-09-12T01:05:23,6.7,5,A4A5;other;worker,0.12
2026-09-12T01:05:43,5.4,5,A4A5;other;worker,0.08
2026-09-12T01:06:04,5.6,5,A4A5;other;worker,0.06
2026-09-12T01:06:24,6.1,5,A4A5;other;worker,0.04
2026-09-12T01:06:45,5.4,5,A4A5;other;worker,0.03
2026-09-12T01:07:05,5.7,5,A4A5;other;worker,0.3
2026-09-12T01:07:25,5.8,5,A4A5;other;worker,0.5
2026-09-12T01:07:46,5.3,5,A4A5;other;worker,0.5
2026-09-12T01:08:06,6.1,5,A4A5;other;worker,0.64
2026-09-12T01:08:27,5.4,5,A4A5;other;worker,0.67
2026-09-12T01:08:47,5.5,5,A4A5;other;worker,0.61
2026-09-12T01:09:08,5.4,5,A4A5;other;worker,0.44
2026-09-12T01:09:28,5.3,5,A4A5;other;worker,0.39
2026-09-12T01:09:48,5.3,5,A4A5;other;worker,0.28
2026-09-12T01:10:09,6.5,5,A4A5;other;worker,0.34
2026-09-12T01:10:29,5.6,5,A4A5;other;worker,0.25
2026-09-12T01:10:50,6.5,5,A4A5;other;worker,0.33
2026-09-12T01:11:10,5.6,5,A4A5;other;worker,0.46
2026-09-12T01:11:30,5.4,5,A4A5;other;worker,0.38
2026-09-12T01:11:51,6.7,5,A4A5;other;worker,0.27
2026-09-12T01:12:11,5.4,5,A4A5;other;worker,0.19
2026-09-12T01:12:31,5.5,5,A4A5;other;worker,0.14
2026-09-12T01:12:52,7.3,5,A4A5;other;worker,0.1
2026-09-12T01:13:12,5.4,5,A4A5;other;worker,0.07
2026-09-12T01:13:33,5.4,5,A4A5;other;worker,0.05
2026-09-12T01:13:53,5.8,5,A4A5;other;worker,0.17
2026-09-12T01:14:13,5.5,5,A4A5;other;worker,0.19
2026-09-12T01:14:34,5.8,5,A4A5;other;worker,0.13
2026-09-12T01:14:54,5.8,5,A4A5;other;worker,0.1
2026-09-12T01:15:15,5.6,5,A4A5;other;worker,0.07
2026-09-12T01:15:35,5.8,5,A4A5;other;worker,0.05
2026-09-12T01:15:55,5.5,5,A4A5;other;worker,0.04
2026-09-12T01:16:16,5.4,5,A4A5;other;worker,0.02
2026-09-12T01:16:36,5.9,5,A4A5;other;worker,0.02
2026-09-12T01:16:57,5.2,5,A4A5;other;worker,0.09
2026-09-12T01:17:17,6.2,5,A4A5;other;worker,0.07
2026-09-12T01:17:37,6.4,5,A4A5;other;worker,0.11
2026-09-12T01:17:58,5.7,5,A4A5;other;worker,0.08
2026-09-12T01:18:18,5.4,5,A4A5;other;worker,0.06
2026-09-12T01:18:38,6.7,5,A4A5;other;worker,0.04
2026-09-12T01:18:59,5.8,5,A4A5;other;worker,0.03
2026-09-12T01:19:19,5.4,5,A4A5;other;worker,0.02
2026-09-12T01:19:40,6.0,5,A4A5;other;worker,0.17
2026-09-12T01:20:00,5.5,5,A4A5;other;worker,0.4
2026-09-12T01:20:20,6.0,5,A4A5;other;worker,0.57
2026-09-12T01:20:41,5.3,5,A4A5;other;worker,0.55
2026-09-12T01:21:01,5.6,5,A4A5;other;worker,0.52
2026-09-12T01:21:22,5.8,5,A4A5;other;worker,0.51
2026-09-12T01:21:42,5.4,5,A4A5;other;worker,0.52
2026-09-12T01:22:02,5.6,5,A4A5;other;worker,0.51
2026-09-12T01:22:23,6.6,5,A4A5;other;worker,0.57
2026-09-12T01:22:43,5.6,5,A4A5;other;worker,0.63
2026-09-12T01:23:03,5.7,5,A4A5;other;worker,0.53
2026-09-12T01:23:24,6.3,5,A4A5;other;worker,0.51
2026-09-12T01:23:44,5.6,5,A4A5;other;worker,0.43
2026-09-12T01:24:05,5.5,5,A4A5;other;worker,0.37
2026-09-12T01:24:25,6.4,5,A4A5;other;worker,0.27
2026-09-12T01:24:45,5.7,5,A4A5;other;worker,0.19
2026-09-12T01:25:06,5.6,5,A4A5;other;worker,0.14
2026-09-12T01:25:26,6.2,5,A4A5;other;worker,0.24
2026-09-12T01:25:47,5.4,5,A4A5;other;worker,0.31
2026-09-12T01:26:07,5.8,5,A4A5;other;worker,0.22
2026-09-12T01:26:27,5.4,5,A4A5;other;worker,0.16
2026-09-12T01:26:48,5.5,5,A4A5;other;worker,0.11
2026-09-12T01:27:08,5.7,5,A4A5;other;worker,0.08
2026-09-12T01:27:29,5.5,5,A4A5;other;worker,0.06
2026-09-12T01:27:49,5.5,5,A4A5;other;worker,0.04
2026-09-12T01:28:09,6.2,5,A4A5;other;worker,0.03
2026-09-12T01:28:30,5.5,5,A4A5;other;worker,0.02
2026-09-12T01:28:50,5.5,5,A4A5;other;worker,0.02
2026-09-12T01:29:11,6.8,5,A4A5;other;worker,0.01
2026-09-12T01:29:31,5.3,5,A4A5;other;worker,0.01
2026-09-12T01:29:51,5.8,5,A4A5;other;worker,0.01
2026-09-12T01:30:12,9.3,5,A4A5;other;worker,0.0
2026-09-12T01:30:32,6.0,5,A4A5;other;worker,0.0
2026-09-12T01:30:52,6.1,5,A4A5;other;worker,0.0
2026-09-12T01:31:13,6.1,5,A4A5;other;worker,0.0
2026-09-12T01:31:33,5.4,5,A4A5;other;worker,0.08
2026-09-12T01:31:54,5.9,5,A4A5;other;worker,0.34
2026-09-12T01:32:14,5.7,5,A4A5;other;worker,0.45
2026-09-12T01:32:34,5.7,5,A4A5;other;worker,0.39
2026-09-12T01:32:55,6.0,5,A4A5;other;worker,0.5
2026-09-12T01:33:15,5.7,5,A4A5;other;worker,0.64
2026-09-12T01:33:36,5.4,5,A4A5;other;worker,0.68
2026-09-12T01:33:56,5.7,5,A4A5;other;worker,0.7
2026-09-12T01:34:16,5.5,5,A4A5;other;worker,0.71
2026-09-12T01:34:37,5.5,5,A4A5;other;worker,0.79
2026-09-12T01:34:57,6.2,5,A4A5;other;worker,0.86
2026-09-12T01:35:18,5.4,5,A4A5;other;worker,0.62
2026-09-12T01:35:38,5.3,5,A4A5;other;worker,0.44
2026-09-12T01:35:58,6.4,5,A4A5;other;worker,0.4
2026-09-12T01:36:19,6.0,5,A4A5;other;worker,0.36
2026-09-12T01:36:39,6.1,5,A4A5;other;worker,0.32
2026-09-12T01:37:00,5.8,5,A4A5;other;worker,0.39
2026-09-12T01:37:20,5.3,5,A4A5;other;worker,0.41
2026-09-12T01:37:40,5.8,5,A4A5;other;worker,0.44
2026-09-12T01:38:01,5.6,5,A4A5;other;worker,0.31
2026-09-12T01:38:21,5.6,5,A4A5;other;worker,0.29
2026-09-12T01:38:42,6.9,5,A4A5;other;worker,0.21
2026-09-12T01:39:02,5.7,5,A4A5;other;worker,0.15
2026-09-12T01:39:22,5.5,5,A4A5;other;worker,0.11
2026-09-12T01:39:43,6.2,5,A4A5;other;worker,0.07
2026-09-12T01:40:03,5.3,5,A4A5;other;worker,0.05
2026-09-12T01:40:24,5.7,5,A4A5;other;worker,0.04
2026-09-12T01:40:44,6.2,5,A4A5;other;worker,0.03
2026-09-12T01:41:04,5.8,5,A4A5;other;worker,0.09
2026-09-12T01:41:25,5.5,5,A4A5;other;worker,0.07
2026-09-12T01:41:45,5.2,5,A4A5;other;worker,0.05
2026-09-12T01:42:06,5.4,5,A4A5;other;worker,0.03
2026-09-12T01:42:26,5.9,5,A4A5;other;worker,0.02
2026-09-12T01:42:46,5.7,5,A4A5;other;worker,0.02
2026-09-12T01:43:07,5.5,5,A4A5;other;worker,0.01
2026-09-12T01:43:27,5.4,5,A4A5;other;worker,0.01
2026-09-12T01:43:48,5.1,5,A4A5;other;worker,0.01
2026-09-12T01:44:08,5.5,5,A4A5;other;worker,0.29
2026-09-12T01:44:28,5.9,5,A4A5;other;worker,0.29
2026-09-12T01:44:53,70.5,25,A4A5;other;worker,4.09
2026-09-12T01:45:13,5.9,25,A4A5;other;worker,2.97
2026-09-12T01:45:33,6.0,25,A4A5;other;worker,2.41
2026-09-12T01:45:54,5.7,25,A4A5;other;worker,2.01
2026-09-12T01:46:14,5.6,25,A4A5;other;worker,1.66
2026-09-12T01:46:35,5.9,25,A4A5;other;worker,1.47
2026-09-12T01:46:55,5.8,25,A4A5;other;worker,1.27
2026-09-12T01:47:16,5.7,25,A4A5;other;worker,1.06
2026-09-12T01:47:36,5.8,25,A4A5;other;worker,0.82
2026-09-12T01:47:56,5.6,25,A4A5;other;worker,0.59
2026-09-12T01:48:17,6.5,25,A4A5;other;worker,0.42
2026-09-12T01:48:37,5.8,25,A4A5;other;worker,0.3
2026-09-12T01:48:58,5.5,25,A4A5;other;worker,0.22
2026-09-12T01:49:18,6.4,25,A4A5;other;worker,0.37
2026-09-12T01:49:39,5.5,25,A4A5;other;worker,0.44
2026-09-12T01:49:59,5.5,22,A4A5;other;worker,0.45
2026-09-12T01:50:19,6.5,8,A4A5;other;worker,0.46
2026-09-12T01:50:40,5.7,5,A4A5;other;worker,0.33
2026-09-12T01:51:00,5.6,5,A4A5;other;worker,0.24
2026-09-12T01:51:21,5.7,5,A4A5;other;worker,0.17
2026-09-12T01:51:41,5.6,5,A4A5;other;worker,0.12
2026-09-12T01:52:01,6.0,5,A4A5;other;worker,0.09
2026-09-12T01:52:22,5.2,5,A4A5;other;worker,0.06
2026-09-12T01:52:42,5.8,5,A4A5;other;worker,0.11
2026-09-12T01:53:03,6.0,5,A4A5;other;worker,0.15
2026-09-12T01:53:23,5.5,5,A4A5;other;worker,0.11
2026-09-12T01:53:43,5.5,5,A4A5;other;worker,0.08
2026-09-12T01:54:04,6.3,5,A4A5;other;worker,0.05
2026-09-12T01:54:24,5.4,5,A4A5;other;worker,0.04
2026-09-12T01:54:45,5.4,5,A4A5;other;worker,0.03
2026-09-12T01:55:05,6.2,5,A4A5;other;worker,0.02
2026-09-12T01:55:25,5.5,5,A4A5;other;worker,0.09
2026-09-12T01:55:46,5.6,5,A4A5;other;worker,0.27
2026-09-12T01:56:06,6.2,5,A4A5;other;worker,0.33
2026-09-12T01:56:27,5.4,5,A4A5;other;worker,0.24
2026-09-12T01:56:47,5.5,5,A4A5;other;worker,0.31
2026-09-12T01:57:07,5.3,5,A4A5;other;worker,0.44
2026-09-12T01:57:28,5.4,5,A4A5;other;worker,0.39
2026-09-12T01:57:48,5.7,5,A4A5;other;worker,0.36
2026-09-12T01:58:09,5.3,5,A4A5;other;worker,0.33
2026-09-12T01:58:29,5.4,5,A4A5;other;worker,0.32
2026-09-12T01:58:49,6.2,5,A4A5;other;worker,0.28
2026-09-12T01:59:10,5.5,5,A4A5;other;worker,0.26
2026-09-12T01:59:30,5.5,5,A4A5;other;worker,0.19
2026-09-12T01:59:51,6.5,5,A4A5;other;worker,0.13
2026-09-12T02:00:11,5.6,5,A4A5;other;worker,0.1
2026-09-12T02:00:31,5.4,5,A4A5;other;worker,0.07
2026-09-12T02:00:52,6.6,5,A4A5;other;worker,0.12
2026-09-12T02:01:12,5.4,5,A4A5;other;worker,0.08
2026-09-12T02:01:33,5.6,5,A4A5;other;worker,0.13
2026-09-12T02:01:53,5.5,5,A4A5;other;worker,0.1
2026-09-12T02:02:13,5.1,5,A4A5;other;worker,0.07
2026-09-12T02:02:34,5.6,5,A4A5;other;worker,0.05
2026-09-12T02:02:54,5.4,5,A4A5;other;worker,0.04
2026-09-12T02:03:14,5.6,5,A4A5;other;worker,0.02
2026-09-12T02:03:35,5.8,5,A4A5;other;worker,0.02
2026-09-12T02:03:55,5.8,5,A4A5;other;worker,0.01
2026-09-12T02:04:16,8.1,5,A4A5;other;worker,0.01
2026-09-12T02:04:36,6.6,5,A4A5;other;worker,0.01
2026-09-12T02:04:56,5.2,5,A4A5;other;worker,0.0
2026-09-12T02:05:17,5.7,5,A4A5;other;worker,0.0
2026-09-12T02:05:37,5.9,5,A4A5;other;worker,0.0
2026-09-12T02:05:58,5.7,5,A4A5;other;worker,0.0
2026-09-12T02:06:18,5.4,5,A4A5;other;worker,0.0
2026-09-12T02:06:38,6.7,5,A4A5;other;worker,0.0
2026-09-12T02:06:59,5.7,5,A4A5;other;worker,0.0
2026-09-12T02:07:19,5.9,5,A4A5;other;worker,0.0
2026-09-12T02:07:40,5.5,5,A4A5;other;worker,0.0
2026-09-12T02:08:00,5.5,5,A4A5;other;worker,0.22
2026-09-12T02:08:21,9.8,5,A4A5;other;worker,0.23
2026-09-12T02:08:41,5.4,5,A4A5;other;worker,0.45
2026-09-12T02:09:02,5.8,5,A4A5;other;worker,0.6
2026-09-12T02:09:22,5.8,5,A4A5;other;worker,0.57
2026-09-12T02:09:42,6.0,5,A4A5;other;worker,0.48
2026-09-12T02:10:03,5.7,5,A4A5;other;worker,0.42
2026-09-12T02:10:23,6.2,5,A4A5;other;worker,0.37
2026-09-12T02:10:44,5.4,5,A4A5;other;worker,0.27
2026-09-12T02:11:04,5.2,5,A4A5;other;worker,0.26
2026-09-12T02:11:24,7.1,5,A4A5;other;worker,0.19
2026-09-12T02:11:45,5.5,5,A4A5;other;worker,0.14
2026-09-12T02:12:05,5.7,5,A4A5;other;worker,0.16
2026-09-12T02:12:26,6.1,5,A4A5;other;worker,0.11
2026-09-12T02:12:46,5.4,5,A4A5;other;worker,0.08
2026-09-12T02:13:06,5.5,5,A4A5;other;worker,0.05
2026-09-12T02:13:27,6.4,5,A4A5;other;worker,0.12
2026-09-12T02:13:47,5.6,5,A4A5;other;worker,0.15
2026-09-12T02:14:08,5.8,5,A4A5;other;worker,0.11
2026-09-12T02:14:28,5.3,5,A4A5;other;worker,0.16
2026-09-12T02:14:48,5.5,5,A4A5;other;worker,0.18
2026-09-12T02:15:09,6.0,5,A4A5;other;worker,0.13
2026-09-12T02:15:29,5.5,5,A4A5;other;worker,0.09
2026-09-12T02:15:50,5.5,5,A4A5;other;worker,0.07
2026-09-12T02:16:10,6.6,5,A4A5;other;worker,0.05
2026-09-12T02:16:30,5.4,5,A4A5;other;worker,0.03
2026-09-12T02:16:51,6.1,5,A4A5;other;worker,0.02
2026-09-12T02:17:11,6.8,5,A4A5;other;worker,0.02
2026-09-12T02:17:32,5.3,5,A4A5;other;worker,0.01
2026-09-12T02:17:52,5.7,5,A4A5;other;worker,0.01
2026-09-12T02:18:12,6.2,5,A4A5;other;worker,0.01
2026-09-12T02:18:33,5.5,5,A4A5;other;worker,0.0
2026-09-12T02:18:53,5.3,5,A4A5;other;worker,0.0
2026-09-12T02:19:14,6.2,5,A4A5;other;worker,0.0
2026-09-12T02:19:34,5.7,5,A4A5;other;worker,0.0
2026-09-12T02:19:54,5.9,5,A4A5;other;worker,0.08
2026-09-12T02:20:15,5.4,5,A4A5;other;worker,0.27
2026-09-12T02:20:35,5.7,5,A4A5;other;worker,0.4
2026-09-12T02:20:56,6.3,5,A4A5;other;worker,0.49
2026-09-12T02:21:16,7.3,5,A4A5;other;worker,0.57
2026-09-12T02:21:36,5.3,5,A4A5;other;worker,0.49
2026-09-12T02:21:57,6.4,5,A4A5;other;worker,0.56
2026-09-12T02:22:17,5.4,5,A4A5;other;worker,0.47
2026-09-12T02:22:37,5.6,5,A4A5;other;worker,0.56
2026-09-12T02:22:58,6.4,5,A4A5;other;worker,0.4
2026-09-12T02:23:18,5.1,5,A4A5;other;worker,0.29
2026-09-12T02:23:39,5.9,5,A4A5;other;worker,0.21
2026-09-12T02:23:59,5.9,5,A4A5;other;worker,0.43
2026-09-12T02:24:19,5.6,5,A4A5;other;worker,0.31
2026-09-12T02:24:40,5.5,5,A4A5;other;worker,0.42
2026-09-12T02:25:00,5.5,5,A4A5;other;worker,0.52
2026-09-12T02:25:21,5.6,5,A4A5;other;worker,0.52
2026-09-12T02:25:41,6.7,5,A4A5;other;worker,0.44
2026-09-12T02:26:01,5.7,5,A4A5;other;worker,0.29
2026-09-12T02:26:22,5.6,5,A4A5;other;worker,0.21
2026-09-12T02:26:42,6.5,5,A4A5;other;worker,0.15
2026-09-12T02:27:03,5.6,5,A4A5;other;worker,0.11
2026-09-12T02:27:23,5.6,5,A4A5;other;worker,0.08
2026-09-12T02:27:43,6.5,5,A4A5;other;worker,0.05
2026-09-12T02:28:04,5.4,5,A4A5;other;worker,0.11
2026-09-12T02:28:24,5.7,5,A4A5;other;worker,0.08
2026-09-12T02:28:45,5.7,5,A4A5;other;worker,0.06
2026-09-12T02:29:05,5.6,5,A4A5;other;worker,0.04
2026-09-12T02:29:25,5.6,5,A4A5;other;worker,0.03
2026-09-12T02:29:46,5.3,5,A4A5;other;worker,0.02
2026-09-12T02:30:06,5.8,5,A4A5;other;worker,0.02
2026-09-12T02:30:27,5.8,5,A4A5;other;worker,0.01
2026-09-12T02:30:47,5.8,5,A4A5;other;worker,0.01
2026-09-12T02:31:07,5.4,5,A4A5;other;worker,0.01
2026-09-12T02:31:28,5.8,5,A4A5;other;worker,0.0
2026-09-12T02:31:48,5.6,5,A4A5;other;worker,0.0
2026-09-12T02:32:09,5.5,5,A4A5;other;worker,0.0
2026-09-12T02:32:29,6.9,5,A4A5;other;worker,0.0
2026-09-12T02:32:49,5.4,5,A4A5;other;worker,0.28
2026-09-12T02:33:10,5.7,5,A4A5;other;worker,0.49
2026-09-12T02:33:30,6.6,5,A4A5;other;worker,0.55
2026-09-12T02:33:51,6.0,5,A4A5;other;worker,0.62
2026-09-12T02:34:11,5.5,5,A4A5;other;worker,0.65
2026-09-12T02:34:31,6.7,5,A4A5;other;worker,0.6
2026-09-12T02:34:52,5.7,5,A4A5;other;worker,0.43
2026-09-12T02:35:12,6.1,5,A4A5;other;worker,0.37
2026-09-12T02:35:33,5.4,5,A4A5;other;worker,0.4
2026-09-12T02:35:53,5.4,5,A4A5;other;worker,0.43
2026-09-12T02:36:13,5.9,5,A4A5;other;worker,0.45
2026-09-12T02:36:34,5.6,5,A4A5;other;worker,0.39
2026-09-12T02:36:54,5.5,5,A4A5;other;worker,0.28
2026-09-12T02:37:15,6.1,5,A4A5;other;worker,0.34
2026-09-12T02:37:35,5.5,5,A4A5;other;worker,0.24
2026-09-12T02:37:55,5.6,5,A4A5;other;worker,0.17
2026-09-12T02:38:16,6.9,5,A4A5;other;worker,0.12
2026-09-12T02:38:36,5.5,5,A4A5;other;worker,0.09
2026-09-12T02:38:57,5.4,5,A4A5;other;worker,0.06
2026-09-12T02:39:17,6.4,5,A4A5;other;worker,0.05
2026-09-12T02:39:37,5.4,5,A4A5;other;worker,0.17
2026-09-12T02:39:58,5.4,5,A4A5;other;worker,0.11
2026-09-12T02:40:18,5.6,5,A4A5;other;worker,0.08
2026-09-12T02:40:39,5.9,5,A4A5;other;worker,0.06
2026-09-12T02:40:59,6.2,5,A4A5;other;worker,0.04
2026-09-12T02:41:19,5.5,5,A4A5;other;worker,0.03
2026-09-12T02:41:40,5.4,5,A4A5;other;worker,0.02
2026-09-12T02:42:00,6.5,5,A4A5;other;worker,0.02
2026-09-12T02:42:21,5.6,5,A4A5;other;worker,0.01
2026-09-12T02:42:41,10.9,5,A4A5;other;worker,0.01
2026-09-12T02:42:59,5.7,5,A4A5;other;worker,0.07
2026-09-12T02:43:19,6.7,5,A4A5;other;worker,0.05
2026-09-12T02:43:44,100.0,25,A4A5;other;worker,3.39
2026-09-12T02:44:05,6.0,25,A4A5;other;worker,2.43
2026-09-12T02:44:25,5.6,25,A4A5;other;worker,1.68
2026-09-12T02:44:46,5.8,25,A4A5;other;worker,1.49
2026-09-12T02:45:06,5.8,25,A4A5;other;worker,1.22
2026-09-12T02:45:27,5.4,25,A4A5;other;worker,1.0
2026-09-12T02:45:47,5.8,25,A4A5;other;worker,0.8
2026-09-12T02:46:08,5.5,25,A4A5;other;worker,0.79
2026-09-12T02:46:28,5.4,25,A4A5;other;worker,0.71
2026-09-12T02:46:48,6.5,25,A4A5;other;worker,0.71
2026-09-12T02:47:09,5.4,25,A4A5;other;worker,0.71
2026-09-12T02:47:29,5.3,25,A4A5;other;worker,0.58
2026-09-12T02:47:50,6.4,25,A4A5;other;worker,0.48
2026-09-12T02:48:10,5.5,25,A4A5;other;worker,0.55
2026-09-12T02:48:31,5.6,25,A4A5;other;worker,0.36
2026-09-12T02:48:51,6.5,22,A4A5;other;worker,0.26
2026-09-12T02:49:11,5.4,9,A4A5;other;worker,0.19
2026-09-12T02:49:32,5.6,6,A4A5;other;worker,0.28
2026-09-12T02:49:52,5.5,6,A4A5;other;worker,0.26
2026-09-12T02:50:13,5.5,6,A4A5;other;worker,0.34
2026-09-12T02:50:33,12.8,6,A4A5;other;worker,0.31
2026-09-12T02:50:54,6.3,6,A4A5;other;worker,0.36
2026-09-12T02:51:14,5.4,6,A4A5;other;worker,0.26
2026-09-12T02:51:35,6.2,6,A4A5;other;worker,0.19
2026-09-12T02:51:55,5.5,6,A4A5;other;worker,0.13
2026-09-12T02:52:15,5.4,6,A4A5;other;worker,0.1
2026-09-12T02:52:36,7.0,6,A4A5;other;worker,0.06
2026-09-12T02:52:56,5.4,6,A4A5;other;worker,0.05
2026-09-12T02:53:17,5.9,6,A4A5;other;worker,0.24
2026-09-12T02:53:37,5.8,6,A4A5;other;worker,0.45
2026-09-12T02:53:58,6.1,5,A4A5;other;worker,0.32
2026-09-12T02:54:18,5.5,5,A4A5;other;worker,0.23
2026-09-12T02:54:38,6.1,5,A4A5;other;worker,0.17
2026-09-12T02:54:59,5.7,5,A4A5;other;worker,0.12
2026-09-12T02:55:19,5.6,5,A4A5;other;worker,0.09
2026-09-12T02:55:40,5.7,5,A4A5;other;worker,0.06
2026-09-12T02:56:00,5.3,5,A4A5;other;worker,0.04
2026-09-12T02:56:20,5.8,5,A4A5;other;worker,0.03
2026-09-12T02:56:41,5.7,5,A4A5;other;worker,0.02
2026-09-12T02:57:01,5.6,5,A4A5;other;worker,0.23
2026-09-12T02:57:22,6.1,5,A4A5;other;worker,0.45
2026-09-12T02:57:42,5.6,5,A4A5;other;worker,0.6
2026-09-12T02:58:02,5.6,5,A4A5;other;worker,0.58
2026-09-12T02:58:23,6.9,5,A4A5;other;worker,0.62
2026-09-12T02:58:43,5.5,5,A4A5;other;worker,0.72
2026-09-12T02:59:04,5.3,5,A4A5;other;worker,0.66
2026-09-12T02:59:24,6.8,5,A4A5;other;worker,0.76
2026-09-12T02:59:44,5.4,5,A4A5;other;worker,0.61
2026-09-12T03:00:05,5.4,5,A4A5;other;worker,0.43
2026-09-12T03:00:25,6.0,5,A4A5;other;worker,0.31
2026-09-12T03:00:46,5.3,5,A4A5;other;worker,0.22
2026-09-12T03:01:06,5.4,5,A4A5;other;worker,0.16
2026-09-12T03:01:26,5.7,5,A4A5;other;worker,0.24
2026-09-12T03:01:47,5.4,5,A4A5;other;worker,0.32
2026-09-12T03:02:07,6.2,5,A4A5;other;worker,0.29
2026-09-12T03:02:28,5.2,5,A4A5;other;worker,0.27
2026-09-12T03:02:48,5.6,5,A4A5;other;worker,0.2
2026-09-12T03:03:08,6.3,5,A4A5;other;worker,0.14
2026-09-12T03:03:29,5.6,5,A4A5;other;worker,0.1
2026-09-12T03:03:49,5.6,5,A4A5;other;worker,0.07
2026-09-12T03:04:10,6.1,5,A4A5;other;worker,0.05
2026-09-12T03:04:30,5.3,5,A4A5;other;worker,0.04
2026-09-12T03:04:50,5.2,5,A4A5;other;worker,0.03
2026-09-12T03:05:11,6.3,5,A4A5;other;worker,0.02
2026-09-12T03:05:31,5.5,5,A4A5;other;worker,0.16
2026-09-12T03:05:52,5.4,5,A4A5;other;worker,0.12
2026-09-12T03:06:12,5.7,5,A4A5;other;worker,0.13
2026-09-12T03:06:32,5.8,5,A4A5;other;worker,0.1
2026-09-12T03:06:53,5.7,5,A4A5;other;worker,0.07
2026-09-12T03:07:13,5.6,5,A4A5;other;worker,0.05
2026-09-12T03:07:34,5.6,5,A4A5;other;worker,0.04
2026-09-12T03:07:54,6.1,5,A4A5;other;worker,0.03
2026-09-12T03:08:15,5.4,5,A4A5;other;worker,0.02
2026-09-12T03:08:35,5.8,5,A4A5;other;worker,0.01
2026-09-12T03:08:55,6.7,5,A4A5;other;worker,0.09
2026-09-12T03:09:16,5.6,5,A4A5;other;worker,0.21
2026-09-12T03:09:36,5.8,5,A4A5;other;worker,0.37
2026-09-12T03:09:57,6.2,5,A4A5;other;worker,0.47
2026-09-12T03:10:17,5.7,5,A4A5;other;worker,0.56
2026-09-12T03:10:37,5.6,5,A4A5;other;worker,0.65
2026-09-12T03:10:58,6.0,5,A4A5;other;worker,0.62
2026-09-12T03:11:18,5.4,5,A4A5;other;worker,0.51
2026-09-12T03:11:39,5.5,5,A4A5;other;worker,0.37
2026-09-12T03:11:59,6.1,5,A4A5;other;worker,0.33
2026-09-12T03:12:19,5.6,5,A4A5;other;worker,0.23
2026-09-12T03:12:40,5.8,5,A4A5;other;worker,0.17
2026-09-12T03:13:00,5.4,5,A4A5;other;worker,0.12
2026-09-12T03:13:21,5.5,5,A4A5;other;worker,0.09
2026-09-12T03:13:41,5.6,5,A4A5;other;worker,0.21
2026-09-12T03:14:01,5.7,5,A4A5;other;worker,0.3
2026-09-12T03:14:22,5.4,5,A4A5;other;worker,0.22
2026-09-12T03:14:42,6.6,5,A4A5;other;worker,0.22
2026-09-12T03:15:03,5.8,5,A4A5;other;worker,0.24
2026-09-12T03:15:23,5.7,5,A4A5;other;worker,0.22
2026-09-12T03:15:43,6.9,5,A4A5;other;worker,0.16
2026-09-12T03:16:04,5.5,5,A4A5;other;worker,0.11
2026-09-12T03:16:24,5.8,5,A4A5;other;worker,0.08
2026-09-12T03:16:45,5.9,5,A4A5;other;worker,0.06
2026-09-12T03:17:05,5.4,5,A4A5;other;worker,0.04
2026-09-12T03:17:25,5.1,5,A4A5;other;worker,0.03
2026-09-12T03:17:46,6.0,5,A4A5;other;worker,0.02
2026-09-12T03:18:06,5.1,5,A4A5;other;worker,0.02
2026-09-12T03:18:27,6.7,5,A4A5;other;worker,0.01
2026-09-12T03:18:47,5.5,5,A4A5;other;worker,0.01
2026-09-12T03:19:07,5.4,5,A4A5;other;worker,0.01
2026-09-12T03:19:28,5.8,5,A4A5;other;worker,0.0
2026-09-12T03:19:48,5.2,5,A4A5;other;worker,0.0
2026-09-12T03:20:09,5.4,5,A4A5;other;worker,0.0
2026-09-12T03:20:29,6.5,5,A4A5;other;worker,0.2
2026-09-12T03:20:49,5.4,5,A4A5;other;worker,0.37
2026-09-12T03:21:10,5.7,5,A4A5;other;worker,0.55
2026-09-12T03:21:30,6.1,5,A4A5;other;worker,0.39
2026-09-12T03:21:50,6.1,5,A4A5;other;worker,0.42
2026-09-12T03:22:11,5.5,5,A4A5;other;worker,0.59
2026-09-12T03:22:31,5.4,5,A4A5;other;worker,0.7
2026-09-12T03:22:52,5.4,5,A4A5;other;worker,0.79
2026-09-12T03:23:12,5.8,5,A4A5;other;worker,0.7
2026-09-12T03:23:33,5.6,5,A4A5;other;worker,0.71
2026-09-12T03:23:53,5.5,5,A4A5;other;worker,0.65
2026-09-12T03:24:13,6.3,5,A4A5;other;worker,0.43
2026-09-12T03:24:34,5.7,5,A4A5;other;worker,0.31
2026-09-12T03:24:54,5.5,5,A4A5;other;worker,0.22
2026-09-12T03:25:15,6.3,5,A4A5;other;worker,0.3
2026-09-12T03:25:35,5.6,5,A4A5;other;worker,0.36
2026-09-12T03:25:55,5.6,5,A4A5;other;worker,0.41
2026-09-12T03:26:16,6.8,5,A4A5;other;worker,0.37
2026-09-12T03:26:36,5.4,5,A4A5;other;worker,0.33
2026-09-12T03:26:57,5.7,5,A4A5;other;worker,0.31
2026-09-12T03:27:17,6.2,5,A4A5;other;worker,0.29
2026-09-12T03:27:37,5.6,5,A4A5;other;worker,0.21
2026-09-12T03:27:58,5.8,5,A4A5;other;worker,0.15
2026-09-12T03:28:18,5.6,5,A4A5;other;worker,0.11
2026-09-12T03:28:39,5.5,5,A4A5;other;worker,0.08
2026-09-12T03:28:59,6.2,5,A4A5;other;worker,0.05
2026-09-12T03:29:19,5.2,5,A4A5;other;worker,0.11
2026-09-12T03:29:40,5.5,5,A4A5;other;worker,0.08
2026-09-12T03:30:00,6.3,5,A4A5;other;worker,0.06
2026-09-12T03:30:21,5.6,5,A4A5;other;worker,0.04
2026-09-12T03:30:41,5.4,5,A4A5;other;worker,0.03
2026-09-12T03:31:01,5.6,5,A4A5;other;worker,0.02
2026-09-12T03:31:22,5.9,5,A4A5;other;worker,0.01
2026-09-12T03:31:42,5.3,5,A4A5;other;worker,0.01
2026-09-12T03:32:03,5.7,5,A4A5;other;worker,0.01
2026-09-12T03:32:23,5.8,5,A4A5;other;worker,0.01
2026-09-12T03:32:43,5.5,5,A4A5;other;worker,0.0
2026-09-12T03:33:04,5.4,5,A4A5;other;worker,0.22
2026-09-12T03:33:24,5.4,5,A4A5;other;worker,0.49
2026-09-12T03:33:45,6.2,5,A4A5;other;worker,0.63
2026-09-12T03:34:05,5.5,5,A4A5;other;worker,0.74
2026-09-12T03:34:25,5.5,5,A4A5;other;worker,0.6
2026-09-12T03:34:46,6.3,5,A4A5;other;worker,0.49
2026-09-12T03:35:06,5.5,5,A4A5;other;worker,0.42
2026-09-12T03:35:27,5.4,5,A4A5;other;worker,0.3
2026-09-12T03:35:47,6.7,5,A4A5;other;worker,0.22
2026-09-12T03:36:07,5.6,5,A4A5;other;worker,0.28
2026-09-12T03:36:28,5.7,5,A4A5;other;worker,0.35
2026-09-12T03:36:48,6.8,5,A4A5;other;worker,0.31
2026-09-12T03:37:09,5.3,5,A4A5;other;worker,0.38
2026-09-12T03:37:29,5.8,5,A4A5;other;worker,0.34
2026-09-12T03:37:49,6.3,5,A4A5;other;worker,0.29
2026-09-12T03:38:10,5.2,5,A4A5;other;worker,0.21
2026-09-12T03:38:30,5.5,5,A4A5;other;worker,0.15
2026-09-12T03:38:51,5.5,5,A4A5;other;worker,0.11
2026-09-12T03:39:11,5.5,5,A4A5;other;worker,0.08
2026-09-12T03:39:32,6.2,5,A4A5;other;worker,0.27
2026-09-12T03:39:52,5.9,5,A4A5;other;worker,0.26
2026-09-12T03:40:12,5.2,5,A4A5;other;worker,0.26
2026-09-12T03:40:33,6.1,5,A4A5;other;worker,0.25
2026-09-12T03:40:53,5.1,5,A4A5;other;worker,0.18
2026-09-12T03:41:14,5.3,5,A4A5;other;worker,0.13
2026-09-12T03:41:34,6.2,5,A4A5;other;worker,0.09
2026-09-12T03:41:54,5.4,5,A4A5;other;worker,0.07
2026-09-12T03:42:15,5.0,5,A4A5;other;worker,0.05
2026-09-12T03:42:35,5.4,5,A4A5;other;worker,0.03
2026-09-12T03:42:55,5.4,5,A4A5;other;worker,0.02
2026-09-12T03:43:16,59.4,25,A4A5;other;worker,3.69
2026-09-12T03:43:36,5.4,25,A4A5;other;worker,2.64
2026-09-12T03:43:57,5.8,25,A4A5;other;worker,1.89
2026-09-12T03:44:17,5.6,25,A4A5;other;worker,1.36
2026-09-12T03:44:38,6.7,25,A4A5;other;worker,1.26
2026-09-12T03:44:58,5.4,25,A4A5;other;worker,1.19
2026-09-12T03:45:19,6.1,25,A4A5;other;worker,1.07
2026-09-12T03:45:39,5.5,25,A4A5;other;worker,1.05
2026-09-12T03:46:00,5.6,25,A4A5;other;worker,0.97
2026-09-12T03:46:20,6.5,25,A4A5;other;worker,0.83
2026-09-12T03:46:40,5.5,25,A4A5;other;worker,0.62
2026-09-12T03:47:01,5.8,25,A4A5;other;worker,0.73
2026-09-12T03:47:21,6.2,25,A4A5;other;worker,0.73
2026-09-12T03:47:42,5.4,25,A4A5;other;worker,0.59
2026-09-12T03:48:02,5.7,25,A4A5;other;worker,0.64
2026-09-12T03:48:23,6.0,22,A4A5;other;worker,0.6
2026-09-12T03:48:43,5.7,8,A4A5;other;worker,0.49
2026-09-12T03:49:03,5.5,5,A4A5;other;worker,0.35
2026-09-12T03:49:24,6.1,5,A4A5;other;worker,0.25
2026-09-12T03:49:44,5.5,5,A4A5;other;worker,0.18
2026-09-12T03:50:05,5.7,5,A4A5;other;worker,0.28
2026-09-12T03:50:25,5.5,5,A4A5;other;worker,0.36
2026-09-12T03:50:45,5.5,5,A4A5;other;worker,0.32
2026-09-12T03:51:06,6.4,5,A4A5;other;worker,0.35
2026-09-12T03:51:26,5.5,5,A4A5;other;worker,0.32
2026-09-12T03:51:47,5.4,5,A4A5;other;worker,0.23
2026-09-12T03:52:07,7.0,5,A4A5;other;worker,0.16
2026-09-12T03:52:27,5.2,5,A4A5;other;worker,0.12
2026-09-12T03:52:48,5.4,5,A4A5;other;worker,0.08
2026-09-12T03:53:08,6.2,5,A4A5;other;worker,0.06
2026-09-12T03:53:29,11.5,5,A4A5;other;worker,0.04
2026-09-12T03:53:49,5.4,5,A4A5;other;worker,0.03
2026-09-12T03:54:10,5.7,5,A4A5;other;worker,0.09
2026-09-12T03:54:30,5.6,5,A4A5;other;worker,0.06
2026-09-12T03:54:50,5.9,5,A4A5;other;worker,0.05
2026-09-12T03:55:11,5.6,5,A4A5;other;worker,0.03
2026-09-12T03:55:31,5.4,5,A4A5;other;worker,0.02
2026-09-12T03:55:52,6.0,5,A4A5;other;worker,0.02
2026-09-12T03:56:12,5.4,5,A4A5;other;worker,0.01
2026-09-12T03:56:32,5.2,5,A4A5;other;worker,0.01
2026-09-12T03:56:53,6.3,5,A4A5;other;worker,0.09
2026-09-12T03:57:13,5.5,5,A4A5;other;worker,0.34
2026-09-12T03:57:34,5.7,5,A4A5;other;worker,0.47
2026-09-12T03:57:54,6.7,5,A4A5;other;worker,0.62
2026-09-12T03:58:14,5.6,5,A4A5;other;worker,0.66
2026-09-12T03:58:35,5.9,5,A4A5;other;worker,0.6
2026-09-12T03:58:55,6.3,5,A4A5;other;worker,0.57
2026-09-12T03:59:16,5.2,5,A4A5;other;worker,0.47
2026-09-12T03:59:36,5.5,5,A4A5;other;worker,0.34
2026-09-12T03:59:56,6.1,5,A4A5;other;worker,0.37
2026-09-12T04:00:17,6.5,5,A4A5;other;worker,0.27
2026-09-12T04:00:37,5.9,5,A4A5;other;worker,0.19
2026-09-12T04:00:58,5.0,5,A4A5;other;worker,0.28
2026-09-12T04:01:18,5.5,5,A4A5;other;worker,0.27
2026-09-12T04:01:38,6.3,5,A4A5;other;worker,0.19
2026-09-12T04:01:59,5.5,5,A4A5;other;worker,0.14
2026-09-12T04:02:19,5.6,5,A4A5;other;worker,0.1
2026-09-12T04:02:40,6.5,5,A4A5;other;worker,0.07
2026-09-12T04:03:00,5.4,5,A4A5;other;worker,0.05
2026-09-12T04:03:20,5.7,5,A4A5;other;worker,0.04
2026-09-12T04:03:41,6.5,5,A4A5;other;worker,0.09
2026-09-12T04:04:01,5.3,5,A4A5;other;worker,0.21
2026-09-12T04:04:22,5.7,5,A4A5;other;worker,0.15
2026-09-12T04:04:42,5.7,5,A4A5;other;worker,0.1
2026-09-12T04:05:02,5.4,5,A4A5;other;worker,0.07
2026-09-12T04:05:23,5.9,5,A4A5;other;worker,0.05
2026-09-12T04:05:43,5.7,5,A4A5;other;worker,0.04
2026-09-12T04:06:04,5.2,5,A4A5;other;worker,0.03
2026-09-12T04:06:24,5.7,5,A4A5;other;worker,0.02
2026-09-12T04:06:44,5.2,5,A4A5;other;worker,0.01
2026-09-12T04:07:05,5.8,5,A4A5;other;worker,0.07
2026-09-12T04:07:25,6.1,5,A4A5;other;worker,0.05
2026-09-12T04:07:46,5.6,5,A4A5;other;worker,0.04
2026-09-12T04:08:06,5.4,5,A4A5;other;worker,0.31
2026-09-12T04:08:27,6.5,5,A4A5;other;worker,0.43
2026-09-12T04:08:47,5.5,5,A4A5;other;worker,0.59
2026-09-12T04:09:07,5.8,5,A4A5;other;worker,0.61
2026-09-12T04:09:28,7.2,5,A4A5;other;worker,0.65
2026-09-12T04:09:48,6.1,5,A4A5;other;worker,0.53
2026-09-12T04:10:09,5.4,5,A4A5;other;worker,0.38
2026-09-12T04:10:29,5.6,5,A4A5;other;worker,0.41
2026-09-12T04:10:49,5.3,5,A4A5;other;worker,0.35
2026-09-12T04:11:10,5.4,5,A4A5;other;worker,0.25
2026-09-12T04:11:30,5.9,5,A4A5;other;worker,0.18
2026-09-12T04:11:51,5.5,5,A4A5;other;worker,0.2
2026-09-12T04:12:11,5.8,5,A4A5;other;worker,0.35
2026-09-12T04:12:31,5.7,5,A4A5;other;worker,0.32
2026-09-12T04:12:52,5.7,5,A4A5;other;worker,0.23
2026-09-12T04:13:12,6.2,5,A4A5;other;worker,0.17
2026-09-12T04:13:33,5.5,5,A4A5;other;worker,0.11
2026-09-12T04:13:53,5.4,5,A4A5;other;worker,0.08
2026-09-12T04:14:13,6.4,5,A4A5;other;worker,0.06
2026-09-12T04:14:34,5.7,5,A4A5;other;worker,0.11
2026-09-12T04:14:54,5.5,5,A4A5;other;worker,0.16
2026-09-12T04:15:15,6.5,5,A4A5;other;worker,0.2
2026-09-12T04:15:35,5.6,5,A4A5;other;worker,0.14
2026-09-12T04:15:55,5.3,5,A4A5;other;worker,0.1
2026-09-12T04:16:16,6.1,5,A4A5;other;worker,0.07
2026-09-12T04:16:36,5.7,5,A4A5;other;worker,0.05
2026-09-12T04:16:57,5.4,5,A4A5;other;worker,0.04
2026-09-12T04:17:17,5.9,5,A4A5;other;worker,0.03
2026-09-12T04:17:37,5.4,5,A4A5;other;worker,0.02
2026-09-12T04:17:58,6.2,5,A4A5;other;worker,0.01
2026-09-12T04:18:18,6.3,5,A4A5;other;worker,0.01
2026-09-12T04:18:39,5.4,5,A4A5;other;worker,0.01
2026-09-12T04:18:59,6.7,5,A4A5;other;worker,0.0
2026-09-12T04:19:20,5.5,5,A4A5;other;worker,0.29
2026-09-12T04:19:40,5.6,5,A4A5;other;worker,0.49
2026-09-12T04:20:00,6.1,5,A4A5;other;worker,0.63
2026-09-12T04:20:21,5.2,5,A4A5;other;worker,0.45
2026-09-12T04:20:41,5.3,5,A4A5;other;worker,0.33
2026-09-12T04:21:02,6.7,5,A4A5;other;worker,0.45
2026-09-12T04:21:22,5.7,5,A4A5;other;worker,0.54
2026-09-12T04:21:42,5.5,5,A4A5;other;worker,0.67
2026-09-12T04:22:03,5.5,5,A4A5;other;worker,0.63
2026-09-12T04:22:23,5.3,5,A4A5;other;worker,0.53
2026-09-12T04:22:44,5.8,5,A4A5;other;worker,0.69
2026-09-12T04:23:04,5.4,5,A4A5;other;worker,0.5
2026-09-12T04:23:24,5.3,5,A4A5;other;worker,0.36
2026-09-12T04:23:45,6.3,5,A4A5;other;worker,0.25
2026-09-12T04:24:05,5.6,5,A4A5;other;worker,0.32
2026-09-12T04:24:26,5.4,5,A4A5;other;worker,0.39
2026-09-12T04:24:46,6.3,5,A4A5;other;worker,0.28
2026-09-12T04:25:07,5.4,5,A4A5;other;worker,0.34
2026-09-12T04:25:27,5.5,5,A4A5;other;worker,0.24
2026-09-12T04:25:47,6.5,5,A4A5;other;worker,0.17
2026-09-12T04:26:08,5.4,5,A4A5;other;worker,0.12
2026-09-12T04:26:28,5.4,5,A4A5;other;worker,0.09
2026-09-12T04:26:49,5.6,5,A4A5;other;worker,0.06
2026-09-12T04:27:09,5.3,5,A4A5;other;worker,0.04
2026-09-12T04:27:29,5.4,5,A4A5;other;worker,0.03
2026-09-12T04:27:50,5.6,5,A4A5;other;worker,0.02
2026-09-12T04:28:10,5.8,5,A4A5;other;worker,0.02
2026-09-12T04:28:31,5.9,5,A4A5;other;worker,0.01
2026-09-12T04:28:51,6.1,5,A4A5;other;worker,0.01
2026-09-12T04:29:11,5.3,5,A4A5;other;worker,0.01
2026-09-12T04:29:32,6.6,5,A4A5;other;worker,0.0
2026-09-12T04:29:52,5.5,5,A4A5;other;worker,0.0
2026-09-12T04:30:13,5.4,5,A4A5;other;worker,0.0
2026-09-12T04:30:33,6.4,5,A4A5;other;worker,0.0
2026-09-12T04:30:53,5.4,5,A4A5;other;worker,0.22
2026-09-12T04:31:14,5.6,5,A4A5;other;worker,0.37
2026-09-12T04:31:34,6.6,5,A4A5;other;worker,0.58
2026-09-12T04:31:55,5.3,5,A4A5;other;worker,0.56
2026-09-12T04:32:15,10.4,5,A4A5;other;worker,0.47
2026-09-12T04:32:36,7.8,5,A4A5;other;worker,0.4
2026-09-12T04:32:56,5.4,5,A4A5;other;worker,0.51
2026-09-12T04:33:17,6.1,5,A4A5;other;worker,0.51
2026-09-12T04:33:37,5.4,5,A4A5;other;worker,0.5
2026-09-12T04:33:57,5.5,5,A4A5;other;worker,0.36
2026-09-12T04:34:18,6.4,5,A4A5;other;worker,0.26
2026-09-12T04:34:38,5.6,5,A4A5;other;worker,0.19
2026-09-12T04:34:59,5.9,5,A4A5;other;worker,0.13
2026-09-12T04:35:19,6.1,5,A4A5;other;worker,0.17
2026-09-12T04:35:39,5.4,5,A4A5;other;worker,0.31
2026-09-12T04:36:00,5.4,5,A4A5;other;worker,0.37
2026-09-12T04:36:20,6.2,5,A4A5;other;worker,0.34
2026-09-12T04:36:41,5.9,5,A4A5;other;worker,0.24
2026-09-12T04:37:01,5.7,5,A4A5;other;worker,0.25
2026-09-12T04:37:21,6.1,5,A4A5;other;worker,0.18
2026-09-12T04:37:42,5.4,5,A4A5;other;worker,0.13
2026-09-12T04:38:02,5.7,5,A4A5;other;worker,0.09
2026-09-12T04:38:23,6.3,5,A4A5;other;worker,0.06
2026-09-12T04:38:43,5.7,5,A4A5;other;worker,0.12
2026-09-12T04:39:03,5.7,5,A4A5;other;worker,0.09
2026-09-12T04:39:24,5.6,5,A4A5;other;worker,0.13
2026-09-12T04:39:44,5.4,5,A4A5;other;worker,0.15
2026-09-12T04:40:04,6.4,5,A4A5;other;worker,0.11
2026-09-12T04:40:25,5.3,5,A4A5;other;worker,0.07
2026-09-12T04:40:45,5.5,5,A4A5;other;worker,0.05
2026-09-12T04:41:06,6.0,5,A4A5;other;worker,0.04
2026-09-12T04:41:26,5.4,5,A4A5;other;worker,0.03
2026-09-12T04:41:46,5.5,5,A4A5;other;worker,0.02
2026-09-12T04:42:07,6.1,5,A4A5;other;worker,0.01
2026-09-12T04:42:27,5.3,5,A4A5;other;worker,0.01
2026-09-12T04:42:47,5.4,5,A4A5;other;worker,0.01
2026-09-12T04:43:08,5.9,5,A4A5;other;worker,0.01
2026-09-12T04:43:28,5.8,5,A4A5;other;worker,0.0
2026-09-12T04:43:48,44.1,5,A4A5;other;worker,0.0
2026-09-12T04:44:09,5.2,25,A4A5;other;worker,1.11
2026-09-12T04:44:29,5.5,25,A4A5;other;worker,0.93
2026-09-12T04:44:50,5.3,25,A4A5;other;worker,0.95
2026-09-12T04:45:10,7.7,25,A4A5;other;worker,0.96
2026-09-12T04:45:30,5.5,25,A4A5;other;worker,0.7
2026-09-12T04:45:51,6.9,25,A4A5;other;worker,0.7
2026-09-12T04:46:11,5.2,25,A4A5;other;worker,0.72
2026-09-12T04:46:32,5.5,25,A4A5;other;worker,0.73
2026-09-12T04:46:52,6.1,25,A4A5;other;worker,0.65
2026-09-12T04:47:12,5.4,25,A4A5;other;worker,0.47
2026-09-12T04:47:33,5.4,25,A4A5;other;worker,0.33
2026-09-12T04:47:53,6.3,25,A4A5;other;worker,0.38
2026-09-12T04:48:14,5.4,25,A4A5;other;worker,0.41
2026-09-12T04:48:34,5.5,25,A4A5;other;worker,0.35
2026-09-12T04:48:54,5.6,25,A4A5;other;worker,0.32
2026-09-12T04:49:15,5.8,18,A4A5;other;worker,0.29
2026-09-12T04:49:35,5.5,5,A4A5;other;worker,0.29
2026-09-12T04:49:56,5.7,5,A4A5;other;worker,0.35
2026-09-12T04:50:16,5.5,5,A4A5;other;worker,0.25
2026-09-12T04:50:36,8.2,5,A4A5;other;worker,0.18
2026-09-12T04:50:57,6.9,5,A4A5;other;worker,0.13
2026-09-12T04:51:17,5.6,5,A4A5;other;worker,0.09
2026-09-12T04:51:38,5.4,5,A4A5;other;worker,0.07
2026-09-12T04:51:58,5.2,5,A4A5;other;worker,0.05
2026-09-12T04:52:18,5.6,5,A4A5;other;worker,0.03
2026-09-12T04:52:39,6.9,5,A4A5;other;worker,0.09
2026-09-12T04:52:59,7.0,5,A4A5;other;worker,0.06
2026-09-12T04:53:19,5.6,5,A4A5;other;worker,0.04
2026-09-12T04:53:40,5.8,5,A4A5;other;worker,0.03
2026-09-12T04:54:00,5.4,5,A4A5;other;worker,0.02
2026-09-12T04:54:21,5.8,5,A4A5;other;worker,0.02
2026-09-12T04:54:41,5.8,5,A4A5;other;worker,0.01
2026-09-12T04:55:01,5.4,5,A4A5;other;worker,0.01
2026-09-12T04:55:22,5.9,5,A4A5;other;worker,0.01
2026-09-12T04:55:42,5.9,5,A4A5;other;worker,0.0
2026-09-12T04:56:02,5.4,5,A4A5;other;worker,0.0
2026-09-12T04:56:23,6.1,5,A4A5;other;worker,0.0
2026-09-12T04:56:43,5.4,5,A4A5;other;worker,0.06
2026-09-12T04:57:03,5.6,5,A4A5;other;worker,0.05
2026-09-12T04:57:24,6.7,5,A4A5;other;worker,0.19
2026-09-12T04:57:44,5.6,5,A4A5;other;worker,0.42
2026-09-12T04:58:05,5.5,5,A4A5;other;worker,0.58
2026-09-12T04:58:25,6.6,5,A4A5;other;worker,0.64
2026-09-12T04:58:45,5.4,5,A4A5;other;worker,0.61
2026-09-12T04:59:06,5.5,5,A4A5;other;worker,0.65
2026-09-12T04:59:26,6.2,5,A4A5;other;worker,0.46
2026-09-12T04:59:46,5.6,5,A4A5;other;worker,0.31
2026-09-12T05:00:07,5.6,5,A4A5;other;worker,0.29
2026-09-12T05:00:27,5.7,5,A4A5;other;worker,0.49
2026-09-12T05:00:48,5.6,5,A4A5;other;worker,0.5
2026-09-12T05:01:08,6.3,5,A4A5;other;worker,0.5
2026-09-12T05:01:28,5.6,5,A4A5;other;worker,0.57
2026-09-12T05:01:49,5.4,5,A4A5;other;worker,0.54
2026-09-12T05:02:09,6.0,5,A4A5;other;worker,0.67
2026-09-12T05:02:29,5.2,5,A4A5;other;worker,0.48
2026-09-12T05:02:50,5.3,5,A4A5;other;worker,0.34
2026-09-12T05:03:10,6.6,5,A4A5;other;worker,0.25
2026-09-12T05:03:31,5.5,5,A4A5;other;worker,0.18
2026-09-12T05:03:51,5.4,5,A4A5;other;worker,0.13
2026-09-12T05:04:11,6.5,5,A4A5;other;worker,0.09
2026-09-12T05:04:32,6.1,5,A4A5;other;worker,0.26
2026-09-12T05:04:52,5.8,5,A4A5;other;worker,0.19
2026-09-12T05:05:12,6.1,5,A4A5;other;worker,0.13
2026-09-12T05:05:33,5.5,5,A4A5;other;worker,0.1
2026-09-12T05:05:53,5.2,5,A4A5;other;worker,0.07
2026-09-12T05:06:14,5.6,5,A4A5;other;worker,0.05
2026-09-12T05:06:34,5.6,5,A4A5;other;worker,0.04
2026-09-12T05:06:54,6.3,5,A4A5;other;worker,0.03
2026-09-12T05:07:15,6.1,5,A4A5;other;worker,0.02
2026-09-12T05:07:35,5.4,5,A4A5;other;worker,0.01
2026-09-12T05:07:55,6.2,5,A4A5;other;worker,0.01
2026-09-12T05:08:16,5.6,5,A4A5;other;worker,0.08
2026-09-12T05:08:36,6.9,5,A4A5;other;worker,0.06
2026-09-12T05:08:57,6.4,5,A4A5;other;worker,0.04
2026-09-12T05:09:17,5.5,5,A4A5;other;worker,0.03
2026-09-12T05:09:37,5.7,5,A4A5;other;worker,0.36
2026-09-12T05:09:58,5.7,5,A4A5;other;worker,0.54
2026-09-12T05:10:18,5.8,5,A4A5;other;worker,0.59
2026-09-12T05:10:38,5.5,5,A4A5;other;worker,0.57
2026-09-12T05:10:59,5.8,5,A4A5;other;worker,0.55
2026-09-12T05:11:19,5.6,5,A4A5;other;worker,0.39
2026-09-12T05:11:40,6.1,5,A4A5;other;worker,0.36
2026-09-12T05:12:00,6.0,5,A4A5;other;worker,0.26
2026-09-12T05:12:20,5.2,5,A4A5;other;worker,0.27
2026-09-12T05:12:41,6.0,5,A4A5;other;worker,0.19
2026-09-12T05:13:01,5.6,5,A4A5;other;worker,0.14
2026-09-12T05:13:21,5.6,5,A4A5;other;worker,0.23
2026-09-12T05:13:42,6.5,5,A4A5;other;worker,0.17
2026-09-12T05:14:02,5.4,5,A4A5;other;worker,0.12
2026-09-12T05:14:23,5.4,5,A4A5;other;worker,0.08
2026-09-12T05:14:43,6.2,5,A4A5;other;worker,0.06
2026-09-12T05:15:03,5.5,5,A4A5;other;worker,0.04
2026-09-12T05:15:24,5.2,5,A4A5;other;worker,0.09
2026-09-12T05:15:44,6.0,5,A4A5;other;worker,0.07
2026-09-12T05:16:04,5.3,5,A4A5;other;worker,0.12
2026-09-12T05:16:25,5.8,5,A4A5;other;worker,0.09
2026-09-12T05:16:45,5.5,5,A4A5;other;worker,0.06
2026-09-12T05:17:06,5.6,5,A4A5;other;worker,0.04
2026-09-12T05:17:26,5.8,5,A4A5;other;worker,0.03
2026-09-12T05:17:46,5.7,5,A4A5;other;worker,0.02
2026-09-12T05:18:07,5.3,5,A4A5;other;worker,0.02
2026-09-12T05:18:27,6.3,5,A4A5;other;worker,0.01
2026-09-12T05:18:47,5.7,5,A4A5;other;worker,0.01
2026-09-12T05:19:08,5.4,5,A4A5;other;worker,0.01
2026-09-12T05:19:28,6.8,5,A4A5;other;worker,0.0
2026-09-12T05:19:48,5.5,5,A4A5;other;worker,0.0
2026-09-12T05:20:09,5.4,5,A4A5;other;worker,0.29
2026-09-12T05:20:29,6.4,5,A4A5;other;worker,0.49
2026-09-12T05:20:50,5.3,5,A4A5;other;worker,0.56
2026-09-12T05:21:10,5.7,5,A4A5;other;worker,0.53
2026-09-12T05:21:30,6.4,5,A4A5;other;worker,0.38
2026-09-12T05:21:51,5.5,5,A4A5;other;worker,0.49
2026-09-12T05:22:11,5.8,5,A4A5;other;worker,0.57
2026-09-12T05:22:31,5.7,5,A4A5;other;worker,0.62
2026-09-12T05:22:52,5.3,5,A4A5;other;worker,0.73
2026-09-12T05:23:12,5.8,5,A4A5;other;worker,0.66
2026-09-12T05:23:33,5.2,5,A4A5;other;worker,0.54
2026-09-12T05:23:53,5.2,5,A4A5;other;worker,0.38
2026-09-12T05:24:13,6.2,5,A4A5;other;worker,0.28
2026-09-12T05:24:34,7.0,5,A4A5;other;worker,0.18
2026-09-12T05:24:54,5.5,5,A4A5;other;worker,0.13
2026-09-12T05:25:14,6.7,5,A4A5;other;worker,0.17
2026-09-12T05:25:35,5.5,5,A4A5;other;worker,0.12
2026-09-12T05:25:55,5.4,5,A4A5;other;worker,0.15
2026-09-12T05:26:16,6.4,5,A4A5;other;worker,0.26
2026-09-12T05:26:36,5.5,5,A4A5;other;worker,0.33
2026-09-12T05:26:56,5.4,5,A4A5;other;worker,0.24
2026-09-12T05:27:17,7.0,5,A4A5;other;worker,0.17
2026-09-12T05:27:37,5.6,5,A4A5;other;worker,0.12
2026-09-12T05:27:57,5.4,5,A4A5;other;worker,0.09
2026-09-12T05:28:18,6.4,5,A4A5;other;worker,0.06
2026-09-12T05:28:38,5.6,5,A4A5;other;worker,0.04
2026-09-12T05:28:58,5.5,5,A4A5;other;worker,0.11
2026-09-12T05:29:19,5.4,5,A4A5;other;worker,0.14
2026-09-12T05:29:39,5.7,5,A4A5;other;worker,0.1
2026-09-12T05:30:00,6.4,5,A4A5;other;worker,0.07
2026-09-12T05:30:20,5.8,5,A4A5;other;worker,0.05
2026-09-12T05:30:40,5.3,5,A4A5;other;worker,0.04
2026-09-12T05:31:01,7.1,5,A4A5;other;worker,0.03
2026-09-12T05:31:21,5.5,5,A4A5;other;worker,0.02
2026-09-12T05:31:41,5.5,5,A4A5;other;worker,0.01
2026-09-12T05:32:02,6.3,5,A4A5;other;worker,0.01
2026-09-12T05:32:22,5.6,5,A4A5;other;worker,0.15
2026-09-12T05:32:43,5.7,5,A4A5;other;worker,0.39
2026-09-12T05:33:03,6.2,5,A4A5;other;worker,0.48
2026-09-12T05:33:23,5.8,5,A4A5;other;worker,0.57
2026-09-12T05:33:44,5.7,5,A4A5;other;worker,0.62
2026-09-12T05:34:04,5.6,5,A4A5;other;worker,0.67
2026-09-12T05:34:24,5.6,5,A4A5;other;worker,0.63
2026-09-12T05:34:45,5.7,5,A4A5;other;worker,0.58
2026-09-12T05:35:05,5.6,5,A4A5;other;worker,0.42
2026-09-12T05:35:26,5.5,5,A4A5;other;worker,0.38
2026-09-12T05:35:46,6.4,5,A4A5;other;worker,0.49
2026-09-12T05:36:06,5.8,5,A4A5;other;worker,0.51
2026-09-12T05:36:27,5.7,5,A4A5;other;worker,0.51
2026-09-12T05:36:47,6.9,5,A4A5;other;worker,0.52
2026-09-12T05:37:07,5.7,5,A4A5;other;worker,0.51
2026-09-12T05:37:28,5.6,5,A4A5;other;worker,0.49
2026-09-12T05:37:48,6.1,5,A4A5;other;worker,0.35
2026-09-12T05:38:09,5.2,5,A4A5;other;worker,0.25
2026-09-12T05:38:29,6.0,5,A4A5;other;worker,0.18
2026-09-12T05:38:49,5.5,5,A4A5;other;worker,0.13
2026-09-12T05:39:10,5.5,5,A4A5;other;worker,0.09
2026-09-12T05:39:30,5.6,5,A4A5;other;worker,0.19
2026-09-12T05:39:51,5.4,5,A4A5;other;worker,0.21
2026-09-12T05:40:11,5.4,5,A4A5;other;worker,0.23
2026-09-12T05:40:31,6.0,5,A4A5;other;worker,0.17
2026-09-12T05:40:52,5.1,5,A4A5;other;worker,0.12
2026-09-12T05:41:12,5.7,5,A4A5;other;worker,0.08
2026-09-12T05:41:32,5.9,5,A4A5;other;worker,0.06
2026-09-12T05:41:53,5.3,5,A4A5;other;worker,0.04
2026-09-12T05:42:13,5.3,5,A4A5;other;worker,0.03
2026-09-12T05:42:34,5.7,5,A4A5;other;worker,0.02
2026-09-12T05:42:54,5.2,5,A4A5;other;worker,0.02
2026-09-12T05:43:14,5.3,5,A4A5;other;worker,0.01
2026-09-12T05:43:35,5.8,5,A4A5;other;worker,0.01
2026-09-12T05:43:55,5.7,5,A4A5;other;worker,0.01
2026-09-12T05:44:15,6.2,5,A4A5;other;worker,0.0
2026-09-12T05:44:36,5.4,25,A4A5;other;worker,3.45
2026-09-12T05:44:56,5.5,25,A4A5;other;worker,2.7
2026-09-12T05:45:17,5.6,25,A4A5;other;worker,2.08
2026-09-12T05:45:37,5.6,25,A4A5;other;worker,1.64
2026-09-12T05:45:57,5.5,25,A4A5;other;worker,1.25
2026-09-12T05:46:18,6.0,25,A4A5;other;worker,1.03
2026-09-12T05:46:38,5.3,25,A4A5;other;worker,1.02
2026-09-12T05:46:59,5.7,25,A4A5;other;worker,0.87
2026-09-12T05:47:19,6.4,25,A4A5;other;worker,0.77
2026-09-12T05:47:39,5.5,25,A4A5;other;worker,0.63
2026-09-12T05:48:00,5.5,25,A4A5;other;worker,0.45
2026-09-12T05:48:20,5.9,25,A4A5;other;worker,0.32
2026-09-12T05:48:40,5.5,25,A4A5;other;worker,0.28
2026-09-12T05:49:01,5.6,25,A4A5;other;worker,0.42
2026-09-12T05:49:21,6.3,25,A4A5;other;worker,0.43
2026-09-12T05:49:42,5.9,20,A4A5;other;worker,0.39
2026-09-12T05:50:02,5.9,5,A4A5;other;worker,0.28
2026-09-12T05:50:22,6.2,5,A4A5;other;worker,0.2
2026-09-12T05:50:43,5.6,5,A4A5;other;worker,0.14
2026-09-12T05:51:03,5.8,5,A4A5;other;worker,0.1
2026-09-12T05:51:24,5.3,5,A4A5;other;worker,0.07
2026-09-12T05:51:44,5.3,5,A4A5;other;worker,0.05
2026-09-12T05:52:04,6.4,5,A4A5;other;worker,0.12
2026-09-12T05:52:25,6.0,5,A4A5;other;worker,0.08
2026-09-12T05:52:45,5.6,5,A4A5;other;worker,0.13
2026-09-12T05:53:05,6.9,5,A4A5;other;worker,0.1
2026-09-12T05:53:26,5.6,5,A4A5;other;worker,0.07
2026-09-12T05:53:46,5.3,5,A4A5;other;worker,0.05
2026-09-12T05:54:06,6.0,5,A4A5;other;worker,0.03
2026-09-12T05:54:27,5.5,5,A4A5;other;worker,0.02
2026-09-12T05:54:47,6.5,5,A4A5;other;worker,0.02
2026-09-12T05:55:08,5.9,5,A4A5;other;worker,0.01
2026-09-12T05:55:28,5.6,5,A4A5;other;worker,0.01
2026-09-12T05:55:48,5.4,5,A4A5;other;worker,0.01
2026-09-12T05:56:09,5.8,5,A4A5;other;worker,0.07
2026-09-12T05:56:29,5.7,5,A4A5;other;worker,0.05
2026-09-12T05:56:49,5.7,5,A4A5;other;worker,0.04
2026-09-12T05:57:10,5.6,5,A4A5;other;worker,0.18
2026-09-12T05:57:30,5.4,5,A4A5;other;worker,0.28
2026-09-12T05:57:51,6.4,5,A4A5;other;worker,0.33
2026-09-12T05:58:11,5.6,5,A4A5;other;worker,0.24
2026-09-12T05:58:31,5.5,5,A4A5;other;worker,0.44
2026-09-12T05:58:52,6.3,5,A4A5;other;worker,0.38
2026-09-12T05:59:12,5.6,5,A4A5;other;worker,0.27
2026-09-12T05:59:32,5.4,5,A4A5;other;worker,0.33
2026-09-12T05:59:53,6.4,5,A4A5;other;worker,0.31
2026-09-12T06:00:13,5.7,5,A4A5;other;worker,0.22
2026-09-12T06:00:34,5.7,5,A4A5;other;worker,0.38
2026-09-12T06:00:54,6.0,5,A4A5;other;worker,0.4
2026-09-12T06:01:14,5.8,5,A4A5;other;worker,0.29
2026-09-12T06:01:35,5.6,5,A4A5;other;worker,0.21
2026-09-12T06:01:55,5.3,5,A4A5;other;worker,0.15
2026-09-12T06:02:15,5.3,5,A4A5;other;worker,0.11
2026-09-12T06:02:36,6.8,5,A4A5;other;worker,0.08
2026-09-12T06:02:56,5.4,5,A4A5;other;worker,0.05
2026-09-12T06:03:16,5.8,5,A4A5;other;worker,0.04
2026-09-12T06:03:37,7.1,5,A4A5;other;worker,0.03
2026-09-12T06:03:57,5.7,5,A4A5;other;worker,0.02
2026-09-12T06:04:18,5.8,5,A4A5;other;worker,0.01
2026-09-12T06:04:38,6.5,5,A4A5;other;worker,0.01
2026-09-12T06:04:58,5.4,5,A4A5;other;worker,0.01
2026-09-12T06:05:19,5.6,5,A4A5;other;worker,0.0
2026-09-12T06:05:39,5.8,5,A4A5;other;worker,0.07
2026-09-12T06:05:59,5.8,5,A4A5;other;worker,0.05
2026-09-12T06:06:20,5.3,5,A4A5;other;worker,0.1
2026-09-12T06:06:40,5.7,5,A4A5;other;worker,0.13
2026-09-12T06:07:01,5.5,5,A4A5;other;worker,0.1
2026-09-12T06:07:21,5.4,5,A4A5;other;worker,0.07
2026-09-12T06:07:41,5.6,5,A4A5;other;worker,0.05
2026-09-12T06:08:02,5.6,5,A4A5;other;worker,0.04
2026-09-12T06:08:22,5.3,5,A4A5;other;worker,0.1
2026-09-12T06:08:43,7.3,5,A4A5;other;worker,0.41
2026-09-12T06:09:03,5.5,5,A4A5;other;worker,0.49
2026-09-12T06:09:23,6.0,5,A4A5;other;worker,0.35
2026-09-12T06:09:44,6.2,5,A4A5;other;worker,0.47
2026-09-12T06:10:04,5.4,5,A4A5;other;worker,0.56
2026-09-12T06:10:24,6.2,5,A4A5;other;worker,0.54
2026-09-12T06:10:45,5.5,5,A4A5;other;worker,0.67
2026-09-12T06:11:05,5.4,5,A4A5;other;worker,0.77
2026-09-12T06:11:26,5.8,5,A4A5;other;worker,0.76
2026-09-12T06:11:46,5.6,5,A4A5;other;worker,0.75
2026-09-12T06:12:06,5.8,5,A4A5;other;worker,0.61
2026-09-12T06:12:27,5.7,5,A4A5;other;worker,0.44
2026-09-12T06:12:47,5.9,5,A4A5;other;worker,0.31
2026-09-12T06:13:07,5.6,5,A4A5;other;worker,0.22
2026-09-12T06:13:28,5.7,5,A4A5;other;worker,0.15
2026-09-12T06:13:48,5.5,5,A4A5;other;worker,0.17
2026-09-12T06:14:09,5.9,5,A4A5;other;worker,0.19
2026-09-12T06:14:29,5.5,5,A4A5;other;worker,0.2
2026-09-12T06:14:49,5.6,5,A4A5;other;worker,0.21
2026-09-12T06:15:10,6.7,5,A4A5;other;worker,0.15
2026-09-12T06:15:30,5.8,5,A4A5;other;worker,0.11
2026-09-12T06:15:50,5.5,5,A4A5;other;worker,0.08
2026-09-12T06:16:11,6.5,5,A4A5;other;worker,0.06
2026-09-12T06:16:31,5.4,5,A4A5;other;worker,0.04
2026-09-12T06:16:52,6.1,5,A4A5;other;worker,0.03
2026-09-12T06:17:12,6.1,5,A4A5;other;worker,0.02
2026-09-12T06:17:32,5.3,5,A4A5;other;worker,0.01
2026-09-12T06:17:53,5.5,5,A4A5;other;worker,0.01
2026-09-12T06:18:13,5.8,5,A4A5;other;worker,0.01
2026-09-12T06:18:33,5.3,5,A4A5;other;worker,0.01
2026-09-12T06:18:54,6.1,5,A4A5;other;worker,0.0
2026-09-12T06:19:14,6.3,5,A4A5;other;worker,0.0
2026-09-12T06:19:35,5.9,5,A4A5;other;worker,0.0
2026-09-12T06:19:55,6.1,5,A4A5;other;worker,0.0
2026-09-12T06:20:15,5.6,5,A4A5;other;worker,0.0
2026-09-12T06:20:36,5.7,5,A4A5;other;worker,0.0
2026-09-12T06:20:56,6.7,5,A4A5;other;worker,0.22
2026-09-12T06:21:16,6.2,5,A4A5;other;worker,0.44
2026-09-12T06:21:37,5.2,5,A4A5;other;worker,0.46
2026-09-12T06:21:57,6.6,5,A4A5;other;worker,0.61
2026-09-12T06:22:17,6.0,5,A4A5;other;worker,0.66
2026-09-12T06:22:38,5.5,5,A4A5;other;worker,0.76
2026-09-12T06:22:58,6.0,5,A4A5;other;worker,0.62
2026-09-12T06:23:19,5.9,5,A4A5;other;worker,0.68
2026-09-12T06:23:39,6.1,5,A4A5;other;worker,0.62
2026-09-12T06:23:59,5.5,5,A4A5;other;worker,0.59
2026-09-12T06:24:20,5.5,5,A4A5;other;worker,0.56
2026-09-12T06:24:40,5.6,5,A4A5;other;worker,0.4
2026-09-12T06:25:00,7.0,5,A4A5;other;worker,0.28
2026-09-12T06:25:21,5.5,5,A4A5;other;worker,0.2
2026-09-12T06:25:41,5.9,5,A4A5;other;worker,0.15
2026-09-12T06:26:02,5.3,5,A4A5;other;worker,0.18
2026-09-12T06:26:22,5.5,5,A4A5;other;worker,0.27
2026-09-12T06:26:42,6.6,5,A4A5;other;worker,0.34
2026-09-12T06:27:03,5.5,5,A4A5;other;worker,0.24
2026-09-12T06:27:23,5.9,5,A4A5;other;worker,0.31
2026-09-12T06:27:43,6.2,5,A4A5;other;worker,0.22
2026-09-12T06:28:04,5.7,5,A4A5;other;worker,0.16
2026-09-12T06:28:24,5.7,5,A4A5;other;worker,0.11
2026-09-12T06:28:44,5.4,5,A4A5;other;worker,0.08
2026-09-12T06:29:05,5.9,5,A4A5;other;worker,0.05
2026-09-12T06:29:25,6.0,5,A4A5;other;worker,0.04
2026-09-12T06:29:46,5.3,5,A4A5;other;worker,0.03
2026-09-12T06:30:06,5.9,5,A4A5;other;worker,0.02
2026-09-12T06:30:26,5.9,5,A4A5;other;worker,0.01
2026-09-12T06:30:47,5.4,5,A4A5;other;worker,0.01
2026-09-12T06:31:07,5.4,5,A4A5;other;worker,0.01
2026-09-12T06:31:27,6.6,5,A4A5;other;worker,0.01
2026-09-12T06:31:48,5.4,5,A4A5;other;worker,0.0
2026-09-12T06:32:08,5.5,5,A4A5;other;worker,0.0
2026-09-12T06:32:29,6.2,5,A4A5;other;worker,0.0
2026-09-12T06:32:49,5.3,5,A4A5;other;worker,0.0
2026-09-12T06:33:09,5.5,5,A4A5;other;worker,0.27
2026-09-12T06:33:30,6.8,5,A4A5;other;worker,0.48
2026-09-12T06:33:50,5.8,5,A4A5;other;worker,0.49
2026-09-12T06:34:10,5.6,5,A4A5;other;worker,0.63
2026-09-12T06:34:31,6.5,5,A4A5;other;worker,0.74
2026-09-12T06:34:51,5.3,5,A4A5;other;worker,0.81
2026-09-12T06:35:11,5.8,5,A4A5;other;worker,0.8
2026-09-12T06:35:32,6.1,5,A4A5;other;worker,0.79
2026-09-12T06:35:52,5.4,5,A4A5;other;worker,0.56
2026-09-12T06:36:13,5.9,5,A4A5;other;worker,0.4
2026-09-12T06:36:33,5.3,5,A4A5;other;worker,0.29
2026-09-12T06:36:53,5.7,5,A4A5;other;worker,0.43
2026-09-12T06:37:14,6.4,5,A4A5;other;worker,0.45
2026-09-12T06:37:34,5.7,5,A4A5;other;worker,0.39
2026-09-12T06:37:55,5.5,5,A4A5;other;worker,0.35
2026-09-12T06:38:15,6.8,5,A4A5;other;worker,0.37
2026-09-12T06:38:35,5.4,5,A4A5;other;worker,0.33
2026-09-12T06:38:56,5.3,5,A4A5;other;worker,0.24
2026-09-12T06:39:16,6.4,5,A4A5;other;worker,0.17
2026-09-12T06:39:36,5.3,5,A4A5;other;worker,0.12
2026-09-12T06:39:57,5.6,5,A4A5;other;worker,0.15
2026-09-12T06:40:17,5.5,5,A4A5;other;worker,0.11
2026-09-12T06:40:38,5.1,5,A4A5;other;worker,0.16
2026-09-12T06:40:58,6.4,5,A4A5;other;worker,0.33
2026-09-12T06:41:18,6.9,5,A4A5;other;worker,0.46
2026-09-12T06:41:39,5.5,5,A4A5;other;worker,0.48
2026-09-12T06:41:59,6.1,5,A4A5;other;worker,0.34
2026-09-12T06:42:20,5.4,5,A4A5;other;worker,0.25
2026-09-12T06:42:40,5.3,5,A4A5;other;worker,0.16
2026-09-12T06:43:00,5.9,5,A4A5;other;worker,0.12
2026-09-12T06:43:21,5.2,5,A4A5;other;worker,0.08
2026-09-12T06:43:41,5.2,5,A4A5;other;worker,0.06
2026-09-12T06:44:02,6.5,25,A4A5;other;worker,3.7
2026-09-12T06:44:22,5.4,25,A4A5;other;worker,2.65
2026-09-12T06:44:42,5.7,25,A4A5;other;worker,1.9
2026-09-12T06:45:03,6.4,25,A4A5;other;worker,1.43
2026-09-12T06:45:23,5.7,25,A4A5;other;worker,1.02
2026-09-12T06:45:44,5.6,25,A4A5;other;worker,0.73
2026-09-12T06:46:04,6.4,25,A4A5;other;worker,0.75
2026-09-12T06:46:25,5.4,25,A4A5;other;worker,0.82
2026-09-12T06:46:45,5.7,25,A4A5;other;worker,0.87
2026-09-12T06:47:05,5.5,25,A4A5;other;worker,0.85
2026-09-12T06:47:26,5.6,25,A4A5;other;worker,0.89
2026-09-12T06:47:46,6.9,25,A4A5;other;worker,0.77
2026-09-12T06:48:07,5.4,25,A4A5;other;worker,0.63
2026-09-12T06:48:27,5.5,25,A4A5;other;worker,0.67
2026-09-12T06:48:47,5.9,25,A4A5;other;worker,0.7
2026-09-12T06:49:08,5.4,20,A4A5;other;worker,0.64
2026-09-12T06:49:28,6.0,6,A4A5;other;worker,0.53
2026-09-12T06:49:48,5.4,6,A4A5;other;worker,0.6
2026-09-12T06:50:09,5.2,6,A4A5;other;worker,0.58
2026-09-12T06:50:29,6.8,6,A4A5;other;worker,0.48
2026-09-12T06:50:50,5.9,6,A4A5;other;worker,0.34
2026-09-12T06:51:10,5.4,6,A4A5;other;worker,0.25
2026-09-12T06:51:30,5.7,6,A4A5;other;worker,0.18
2026-09-12T06:51:51,6.0,6,A4A5;other;worker,0.12
2026-09-12T06:52:11,5.6,6,A4A5;other;worker,0.24
2026-09-12T06:52:32,6.0,6,A4A5;other;worker,0.17
2026-09-12T06:52:52,5.7,6,A4A5;other;worker,0.12
2026-09-12T06:53:12,5.6,6,A4A5;other;worker,0.16
2026-09-12T06:53:33,6.4,6,A4A5;other;worker,0.12
2026-09-12T06:53:53,5.1,6,A4A5;other;worker,0.08
2026-09-12T06:54:13,5.3,5,A4A5;other;worker,0.06
2026-09-12T06:54:34,7.0,5,A4A5;other;worker,0.04
2026-09-12T06:54:54,5.8,5,A4A5;other;worker,0.03
2026-09-12T06:55:15,5.5,5,A4A5;other;worker,0.1
2026-09-12T06:55:35,6.1,5,A4A5;other;worker,0.07
2026-09-12T06:55:55,5.4,5,A4A5;other;worker,0.13
2026-09-12T06:56:16,5.6,5,A4A5;other;worker,0.09
2026-09-12T06:56:36,5.3,5,A4A5;other;worker,0.06
2026-09-12T06:56:57,5.3,5,A4A5;other;worker,0.04
2026-09-12T06:57:17,6.2,5,A4A5;other;worker,0.03
2026-09-12T06:57:37,5.4,5,A4A5;other;worker,0.02
2026-09-12T06:57:58,5.4,5,A4A5;other;worker,0.02
2026-09-12T06:58:18,6.3,5,A4A5;other;worker,0.23
2026-09-12T06:58:38,5.4,5,A4A5;other;worker,0.31
2026-09-12T06:58:59,5.6,5,A4A5;other;worker,0.44
2026-09-12T06:59:19,6.1,5,A4A5;other;worker,0.6
2026-09-12T06:59:39,5.6,5,A4A5;other;worker,0.65
2026-09-12T07:00:00,5.8,5,A4A5;other;worker,0.75
2026-09-12T07:00:20,5.8,5,A4A5;other;worker,0.68
2026-09-12T07:00:41,5.4,5,A4A5;other;worker,0.55
2026-09-12T07:01:01,5.4,5,A4A5;other;worker,0.4
2026-09-12T07:01:21,6.3,5,A4A5;other;worker,0.28
2026-09-12T07:01:42,5.4,5,A4A5;other;worker,0.19
2026-09-12T07:02:02,5.8,5,A4A5;other;worker,0.13
2026-09-12T07:02:22,5.7,5,A4A5;other;worker,0.1
2026-09-12T07:02:43,5.7,5,A4A5;other;worker,0.14
2026-09-12T07:03:03,6.0,5,A4A5;other;worker,0.1
2026-09-12T07:03:24,5.5,5,A4A5;other;worker,0.07
2026-09-12T07:03:44,6.2,5,A4A5;other;worker,0.05
2026-09-12T07:04:04,6.4,5,A4A5;other;worker,0.04
2026-09-12T07:04:25,5.3,5,A4A5;other;worker,0.03
2026-09-12T07:04:45,5.3,5,A4A5;other;worker,0.02
2026-09-12T07:05:05,6.2,5,A4A5;other;worker,0.01
2026-09-12T07:05:26,5.6,5,A4A5;other;worker,0.16
2026-09-12T07:05:46,5.6,5,A4A5;other;worker,0.12
2026-09-12T07:06:07,7.0,5,A4A5;other;worker,0.15
2026-09-12T07:06:27,5.7,5,A4A5;other;worker,0.11
2026-09-12T07:06:47,5.8,5,A4A5;other;worker,0.07
2026-09-12T07:07:08,6.1,5,A4A5;other;worker,0.05
2026-09-12T07:07:28,6.0,5,A4A5;other;worker,0.04
2026-09-12T07:07:48,5.5,5,A4A5;other;worker,0.03
2026-09-12T07:08:09,5.7,5,A4A5;other;worker,0.02
2026-09-12T07:08:29,5.6,5,A4A5;other;worker,0.01
2026-09-12T07:08:50,5.9,5,A4A5;other;worker,0.01
2026-09-12T07:09:10,5.4,5,A4A5;other;worker,0.01
2026-09-12T07:09:30,5.6,5,A4A5;other;worker,0.16
2026-09-12T07:09:51,6.5,5,A4A5;other;worker,0.4
2026-09-12T07:10:11,5.3,5,A4A5;other;worker,0.49
2026-09-12T07:10:31,5.6,5,A4A5;other;worker,0.63
2026-09-12T07:10:52,6.7,5,A4A5;other;worker,0.6
2026-09-12T07:11:12,5.5,5,A4A5;other;worker,0.63
2026-09-12T07:11:33,5.9,5,A4A5;other;worker,0.61
2026-09-12T07:11:53,6.8,5,A4A5;other;worker,0.43
2026-09-12T07:12:13,5.8,5,A4A5;other;worker,0.44
2026-09-12T07:12:34,5.4,5,A4A5;other;worker,0.32
2026-09-12T07:12:54,6.1,5,A4A5;other;worker,0.37
2026-09-12T07:13:14,5.4,5,A4A5;other;worker,0.33
2026-09-12T07:13:35,5.5,5,A4A5;other;worker,0.31
2026-09-12T07:13:55,5.9,5,A4A5;other;worker,0.29
2026-09-12T07:14:16,5.3,5,A4A5;other;worker,0.27
2026-09-12T07:14:36,6.4,5,A4A5;other;worker,0.2
2026-09-12T07:14:56,5.3,5,A4A5;other;worker,0.14
2026-09-12T07:15:17,5.4,5,A4A5;other;worker,0.1
2026-09-12T07:15:37,6.5,5,A4A5;other;worker,0.07
2026-09-12T07:15:58,5.4,5,A4A5;other;worker,0.13
2026-09-12T07:16:18,6.0,5,A4A5;other;worker,0.15
2026-09-12T07:16:38,5.9,5,A4A5;other;worker,0.17
2026-09-12T07:16:59,5.7,5,A4A5;other;worker,0.18
2026-09-12T07:17:19,5.4,5,A4A5;other;worker,0.13
2026-09-12T07:17:39,6.6,5,A4A5;other;worker,0.09
2026-09-12T07:18:00,5.5,5,A4A5;other;worker,0.07
2026-09-12T07:18:20,5.2,5,A4A5;other;worker,0.05
2026-09-12T07:18:41,5.8,5,A4A5;other;worker,0.03
2026-09-12T07:19:01,5.6,5,A4A5;other;worker,0.02
2026-09-12T07:19:21,5.9,5,A4A5;other;worker,0.02
2026-09-12T07:19:42,5.6,5,A4A5;other;worker,0.01
2026-09-12T07:20:02,5.6,5,A4A5;other;worker,0.01
2026-09-12T07:20:22,5.7,5,A4A5;other;worker,0.01
2026-09-12T07:20:43,5.6,5,A4A5;other;worker,0.0
2026-09-12T07:21:03,5.3,5,A4A5;other;worker,0.0
2026-09-12T07:21:24,6.6,5,A4A5;other;worker,0.16
2026-09-12T07:21:44,5.4,5,A4A5;other;worker,0.4
2026-09-12T07:22:04,5.3,5,A4A5;other;worker,0.41
2026-09-12T07:22:25,6.3,5,A4A5;other;worker,0.58
2026-09-12T07:22:45,5.4,5,A4A5;other;worker,0.5
2026-09-12T07:23:05,5.3,5,A4A5;other;worker,0.56
2026-09-12T07:23:26,6.0,5,A4A5;other;worker,0.54
2026-09-12T07:23:46,5.3,5,A4A5;other;worker,0.6
2026-09-12T07:24:07,5.6,5,A4A5;other;worker,0.65
2026-09-12T07:24:27,5.8,5,A4A5;other;worker,0.6
2026-09-12T07:24:47,5.3,5,A4A5;other;worker,0.43
2026-09-12T07:25:08,5.8,5,A4A5;other;worker,0.39
2026-09-12T07:25:28,5.2,5,A4A5;other;worker,0.42
2026-09-12T07:25:48,5.4,5,A4A5;other;worker,0.3
2026-09-12T07:26:09,6.8,5,A4A5;other;worker,0.32
2026-09-12T07:26:29,5.6,5,A4A5;other;worker,0.29
2026-09-12T07:26:50,5.5,5,A4A5;other;worker,0.21
2026-09-12T07:27:10,6.4,5,A4A5;other;worker,0.15
2026-09-12T07:27:30,5.3,5,A4A5;other;worker,0.11
2026-09-12T07:27:51,5.5,5,A4A5;other;worker,0.08
2026-09-12T07:28:11,6.4,5,A4A5;other;worker,0.05
2026-09-12T07:28:31,5.5,5,A4A5;other;worker,0.04
2026-09-12T07:28:52,5.7,5,A4A5;other;worker,0.03
2026-09-12T07:29:12,6.5,5,A4A5;other;worker,0.02
2026-09-12T07:29:33,5.3,5,A4A5;other;worker,0.01
2026-09-12T07:29:53,5.5,5,A4A5;other;worker,0.01
2026-09-12T07:30:13,5.6,5,A4A5;other;worker,0.01
2026-09-12T07:30:34,5.4,5,A4A5;other;worker,0.01
2026-09-12T07:30:54,5.7,5,A4A5;other;worker,0.0
2026-09-12T07:31:14,5.3,5,A4A5;other;worker,0.0
2026-09-12T07:31:35,5.4,5,A4A5;other;worker,0.0
2026-09-12T07:31:55,5.9,5,A4A5;other;worker,0.0
2026-09-12T07:32:16,5.8,5,A4A5;other;worker,0.0
2026-09-12T07:32:36,5.6,5,A4A5;other;worker,0.0
2026-09-12T07:32:56,5.9,5,A4A5;other;worker,0.22
2026-09-12T07:33:17,5.9,5,A4A5;other;worker,0.37
2026-09-12T07:33:37,5.5,5,A4A5;other;worker,0.55
2026-09-12T07:33:57,6.2,5,A4A5;other;worker,0.6
2026-09-12T07:34:18,5.7,5,A4A5;other;worker,0.64
2026-09-12T07:34:38,5.5,5,A4A5;other;worker,0.6
2026-09-12T07:34:59,6.9,5,A4A5;other;worker,0.72
2026-09-12T07:35:19,6.1,5,A4A5;other;worker,0.73
2026-09-12T07:35:39,5.4,5,A4A5;other;worker,0.66
2026-09-12T07:36:00,5.8,5,A4A5;other;worker,0.56
2026-09-12T07:36:20,5.8,5,A4A5;other;worker,0.4
2026-09-12T07:36:41,6.0,5,A4A5;other;worker,0.29
2026-09-12T07:37:01,5.7,5,A4A5;other;worker,0.28
2026-09-12T07:37:21,5.6,5,A4A5;other;worker,0.42
2026-09-12T07:37:42,6.6,5,A4A5;other;worker,0.3
2026-09-12T07:38:02,5.1,5,A4A5;other;worker,0.29
2026-09-12T07:38:22,5.6,5,A4A5;other;worker,0.27
2026-09-12T07:38:43,6.5,5,A4A5;other;worker,0.19
2026-09-12T07:39:03,5.3,5,A4A5;other;worker,0.2
2026-09-12T07:39:24,5.4,5,A4A5;other;worker,0.14
2026-09-12T07:39:44,6.3,5,A4A5;other;worker,0.1
2026-09-12T07:40:04,5.5,5,A4A5;other;worker,0.07
2026-09-12T07:40:25,6.0,5,A4A5;other;worker,0.05
2026-09-12T07:40:45,6.0,5,A4A5;other;worker,0.11
2026-09-12T07:41:06,5.7,5,A4A5;other;worker,0.08
2026-09-12T07:41:26,5.9,5,A4A5;other;worker,0.19
2026-09-12T07:41:46,5.3,5,A4A5;other;worker,0.2
2026-09-12T07:42:07,5.5,5,A4A5;other;worker,0.14
2026-09-12T07:42:27,5.8,5,A4A5;other;worker,0.1
2026-09-12T07:42:47,5.7,5,A4A5;other;worker,0.07
2026-09-12T07:43:08,5.4,5,A4A5;other;worker,0.05
2026-09-12T07:43:28,5.7,5,A4A5;other;worker,0.04
2026-09-12T07:43:49,5.5,5,A4A5;other;worker,0.03
2026-09-12T07:44:09,5.3,5,A4A5;other;worker,0.02
2026-09-12T07:44:29,6.0,5,A4A5;other;worker,0.01
2026-09-12T07:44:50,5.1,5,A4A5;other;worker,0.01
2026-09-12T07:45:10,5.5,5,A4A5;other;worker,0.01
2026-09-12T07:45:30,5.3,5,A4A5;other;worker,0.35
2026-09-12T07:45:56,100.0,25,other;worker,10.55
2026-09-12T07:46:16,6.2,25,other;worker,7.56
2026-09-12T07:46:37,5.4,25,other;worker,5.42
2026-09-12T07:46:57,5.7,25,other;worker,3.88
2026-09-12T07:47:17,6.3,25,other;worker,2.86
2026-09-12T07:47:38,5.3,25,other;worker,2.33
2026-09-12T07:47:58,5.8,25,other;worker,1.88
2026-09-12T07:48:19,6.9,25,other;worker,1.63
2026-09-12T07:48:42,100.0,25,other;worker,5.42
2026-09-12T07:49:04,50.2,25,other;worker,14.37
2026-09-12T07:49:29,63.3,25,other;worker,23.22
2026-09-12T07:49:55,99.5,25,other;worker,17.24
2026-09-12T07:50:19,36.8,25,other;worker,20.1
2026-09-12T07:50:40,6.2,25,other;worker,14.61
2026-09-12T07:51:00,5.5,25,other;worker,10.61
2026-09-12T07:51:21,5.4,25,other;worker,7.76
2026-09-12T07:51:41,5.4,25,other;worker,5.3
2026-09-12T07:52:01,6.5,25,other;worker,3.8
2026-09-12T07:52:22,6.9,25,other;worker,2.72
2026-09-12T07:52:42,19.6,25,other;worker,1.95
2026-09-12T07:53:03,8.7,25,other;worker,1.4
2026-09-12T07:53:26,7.4,25,other;worker,13.27
2026-09-12T07:53:53,100.0,25,other;worker,24.75
2026-09-12T07:54:22,100.0,25,other;worker,27.58
2026-09-12T07:54:45,5.5,25,other;worker,26.24
2026-09-12T07:55:05,5.5,25,other;worker,18.88
2026-09-12T07:55:26,6.2,25,other;worker,13.59
2026-09-12T07:55:46,13.9,25,other;worker,8.96
2026-09-12T07:56:07,6.8,25,other;worker,6.42
2026-09-12T07:56:27,6.5,25,other;worker,4.6
2026-09-12T07:56:48,7.6,25,other;worker,3.36
2026-09-12T07:57:08,5.6,25,other;worker,2.41
2026-09-12T07:57:29,10.9,25,other;worker,1.72
2026-09-12T07:57:58,100.0,25,other;worker,19.17
2026-09-12T07:58:29,100.0,25,other;worker,23.52
2026-09-12T07:58:56,100.0,25,other;worker,25.19
2026-09-12T07:59:24,50.7,25,other;worker,30.44
2026-09-12T07:59:44,5.8,25,other;worker,21.81
2026-09-12T08:00:05,5.6,25,other;worker,15.63
2026-09-12T08:00:25,18.4,25,other;worker,11.2
2026-09-12T08:00:46,7.1,25,other;worker,8.02
2026-09-12T08:01:06,5.4,25,other;worker,5.75
2026-09-12T08:01:26,6.2,25,other;worker,4.12
2026-09-12T08:01:47,6.1,25,other;worker,2.72
2026-09-12T08:02:07,66.5,25,other;worker,3.15
2026-09-12T08:02:32,45.7,25,other;worker,13.66
2026-09-12T08:02:59,100.0,25,other;worker,19.63
2026-09-12T08:03:25,100.0,25,other;worker,23.11
2026-09-12T08:03:51,100.0,25,other;worker,28.54
2026-09-12T08:04:11,5.6,25,other;worker,20.59
2026-09-12T08:04:32,6.7,25,other;worker,14.98
2026-09-12T08:04:52,5.6,25,other;worker,10.21
2026-09-12T08:05:12,5.5,25,other;worker,7.32
2026-09-12T08:05:33,5.8,25,other;worker,5.24
2026-09-12T08:05:53,5.8,25,other;worker,3.83
2026-09-12T08:06:14,5.5,25,other;worker,2.83
2026-09-12T08:06:39,100.0,25,other;worker,5.96
2026-09-12T08:07:01,10.7,25,other;worker,11.23
2026-09-12T08:07:23,5.3,25,other;worker,16.56
2026-09-12T08:07:50,100.0,25,other;worker,22.74
2026-09-12T08:08:11,5.8,25,other;worker,17.04
2026-09-12T08:08:32,5.5,25,other;worker,12.28
2026-09-12T08:08:52,5.2,25,other;worker,8.86
2026-09-12T08:09:12,5.7,25,other;worker,6.1
2026-09-12T08:09:33,5.4,25,other;worker,4.44
2026-09-12T08:09:53,5.2,25,other;worker,3.18
2026-09-12T08:10:14,6.2,25,other;worker,2.28
2026-09-12T08:10:34,5.4,25,other;worker,1.63
2026-09-12T08:10:55,5.5,25,other;worker,1.17
2026-09-12T08:11:15,6.0,25,other;worker,0.84
2026-09-12T08:11:36,96.0,25,other;worker,0.6
2026-09-12T08:11:56,5.2,25,other;worker,0.57
2026-09-12T08:12:16,6.4,25,other;worker,0.47
2026-09-12T08:12:37,10.2,25,other;worker,0.42
2026-09-12T08:12:57,5.6,25,other;worker,0.3
2026-09-12T08:13:18,98.5,25,other;worker,1.88
2026-09-12T08:13:38,5.5,25,other;worker,1.34
2026-09-12T08:13:59,6.0,25,other;worker,0.96
2026-09-12T08:14:19,5.7,25,other;worker,0.69
2026-09-12T08:14:39,5.2,25,other;worker,0.49
2026-09-12T08:15:00,5.6,25,other;worker,0.35
2026-09-12T08:15:20,6.1,25,other;worker,9.69
2026-09-12T08:15:41,5.4,25,other;worker,17.12
2026-09-12T08:16:01,6.5,25,other;worker,12.26
2026-09-12T08:16:22,5.5,25,other;worker,8.79
2026-09-12T08:16:42,5.4,25,other;worker,6.3
2026-09-12T08:17:02,6.0,25,other;worker,4.51
2026-09-12T08:17:23,5.4,25,other;worker,2.97
2026-09-12T08:17:43,5.7,25,other;worker,2.21
2026-09-12T08:18:04,5.9,25,other;worker,1.8
2026-09-12T08:18:25,5.2,25,other;worker,11.4
2026-09-12T08:18:46,5.7,25,other;worker,8.17
2026-09-12T08:19:06,5.4,25,other;worker,6.13
2026-09-12T08:19:27,5.2,25,other;worker,4.62
2026-09-12T08:19:47,5.8,25,other;worker,3.53
2026-09-12T08:20:07,6.1,25,other;worker,2.6
2026-09-12T08:20:28,5.6,20,other;worker,2.06
2026-09-12T08:20:48,6.1,13,other;worker,1.58
2026-09-12T08:21:13,52.3,25,other;worker,7.65
2026-09-12T08:21:33,5.7,25,other;worker,5.04
2026-09-12T08:21:54,5.8,25,other;worker,3.61
2026-09-12T08:22:14,5.3,25,other;worker,2.59
2026-09-12T08:22:35,5.8,25,other;worker,1.99
2026-09-12T08:22:55,5.2,25,other;worker,1.58
2026-09-12T08:23:15,5.7,25,other;worker,1.13
2026-09-12T08:23:36,5.4,25,other;worker,0.81
2026-09-12T08:24:01,100.0,25,other;worker,7.55
2026-09-12T08:24:22,5.6,25,other;worker,5.48
2026-09-12T08:24:42,5.8,25,other;worker,3.93
2026-09-12T08:25:03,5.3,25,other;worker,2.81
2026-09-12T08:25:23,5.5,25,other;worker,2.02
2026-09-12T08:25:43,5.6,25,other;worker,1.44
2026-09-12T08:26:04,5.4,25,other;worker,0.95
2026-09-12T08:26:24,5.3,18,other;worker,0.68
2026-09-12T08:26:51,100.0,24,other;worker,7.37
2026-09-12T08:27:11,5.4,24,other;worker,5.28
2026-09-12T08:27:32,5.8,24,other;worker,3.78
2026-09-12T08:27:52,5.5,24,other;worker,2.71
2026-09-12T08:28:12,5.6,24,other;worker,1.94
2026-09-12T08:28:33,5.9,24,other;worker,1.39
2026-09-12T08:28:53,5.5,24,other;worker,1.08
2026-09-12T08:29:14,5.3,24,other;worker,1.06
2026-09-12T08:29:39,100.0,25,other;worker,7.7
2026-09-12T08:30:03,19.7,25,other;worker,14.66
2026-09-12T08:30:23,6.2,25,other;worker,10.79
2026-09-12T08:30:44,5.1,25,other;worker,8.02
2026-09-12T08:31:04,5.1,25,other;worker,5.5
2026-09-12T08:31:25,5.9,25,other;worker,4.16
2026-09-12T08:31:45,5.1,24,other;worker,3.18
2026-09-12T08:32:05,5.3,17,other;worker,2.28
2026-09-12T08:32:26,15.1,12,other;worker,1.63
2026-09-12T08:32:51,99.3,25,other;worker,2.59
2026-09-12T08:33:11,5.9,25,other;worker,3.16
2026-09-12T08:33:32,5.8,25,other;worker,2.48
2026-09-12T08:33:52,5.7,25,other;worker,1.85
2026-09-12T08:34:12,5.9,25,other;worker,1.47
2026-09-12T08:34:33,5.4,25,other;worker,1.11
2026-09-12T08:34:53,5.3,24,other;worker,0.8
2026-09-12T08:35:14,6.0,23,other;worker,0.57
2026-09-12T08:35:34,5.4,21,other;worker,0.41
2026-09-12T08:35:54,5.2,25,other;worker,7.16
2026-09-12T08:36:15,11.0,25,other;worker,4.72
2026-09-12T08:36:35,5.5,25,other;worker,3.45
2026-09-12T08:36:56,5.3,25,other;worker,2.47
2026-09-12T08:37:16,6.0,25,other;worker,1.77
2026-09-12T08:37:37,5.2,25,other;worker,1.27
2026-09-12T08:37:57,5.2,22,other;worker,0.91
2026-09-12T08:38:17,6.3,13,other;worker,0.65
2026-09-12T08:38:43,100.0,25,other;worker,7.48
2026-09-12T08:39:03,5.8,25,other;worker,5.36
2026-09-12T08:39:24,5.7,25,other;worker,3.84
2026-09-12T08:39:44,5.3,25,other;worker,2.75
2026-09-12T08:40:05,6.3,25,other;worker,2.19
2026-09-12T08:40:25,5.2,25,other;worker,1.72
2026-09-12T08:40:45,5.5,24,other;worker,1.38
2026-09-12T08:41:06,5.8,21,other;worker,1.05
2026-09-12T08:41:26,61.3,25,other;worker,0.88
2026-09-12T08:41:47,5.1,25,other;worker,6.38
2026-09-12T08:42:07,6.0,25,other;worker,4.78
2026-09-12T08:42:27,5.3,25,other;worker,3.43
2026-09-12T08:42:48,6.0,25,other;worker,2.46
2026-09-12T08:43:08,6.1,25,other;worker,1.76
2026-09-12T08:43:29,21.4,25,other;worker,1.26
2026-09-12T08:43:50,10.1,22,other;worker,0.83
2026-09-12T08:44:12,11.5,14,other;worker,0.6
2026-09-12T08:44:33,7.6,12,other;worker,0.43
2026-09-12T08:44:54,22.3,12,other;worker,0.31
2026-09-12T08:45:23,42.2,25,other;worker,12.91
2026-09-12T08:45:48,44.3,25,other;worker,28.36
2026-09-12T08:46:09,8.5,25,other;worker,20.32
2026-09-12T08:46:30,8.1,25,other;worker,14.56
2026-09-12T08:46:51,9.2,24,other;worker,9.6
2026-09-12T08:47:13,6.1,24,other;worker,6.88
2026-09-12T08:47:34,11.2,24,other;worker,4.93
2026-09-12T08:47:55,12.2,24,other;worker,3.53
2026-09-12T08:48:16,18.8,24,other;worker,2.53
2026-09-12T08:48:37,9.6,24,other;worker,1.67
2026-09-12T08:48:58,6.8,24,other;worker,1.51
2026-09-12T08:49:19,9.3,24,other;worker,1.09
2026-09-12T08:49:40,7.8,24,other;worker,0.78
2026-09-12T08:50:01,14.4,24,other;worker,0.56
2026-09-12T08:50:22,12.8,20,other;worker,0.37
2026-09-12T08:50:43,14.5,10,other;worker,0.26
2026-09-12T08:51:04,6.7,24,other;worker,12.38
2026-09-12T08:51:26,12.2,24,other;worker,8.87
2026-09-12T08:51:47,11.1,24,other;worker,6.35
2026-09-12T08:52:07,14.3,24,other;worker,4.19
2026-09-12T08:52:28,6.8,24,other;worker,3.0
2026-09-12T08:52:49,6.8,24,other;worker,2.15
2026-09-12T08:53:10,14.1,24,other;worker,1.54
2026-09-12T10:28:28,15.5,3,A4A5;other,0.0
2026-09-12T10:28:48,59.6,25,A4A5;other;worker,2.62
2026-09-12T10:29:11,100.0,25,A4A5;other;worker,3.61
2026-09-12T10:29:32,63.3,25,A4A5;other;worker,16.44
2026-09-12T10:30:01,69.5,25,A4A5;other;worker,28.72
2026-09-12T10:30:22,90.0,25,A4A5;other;worker,23.24
2026-09-12T10:30:48,93.4,25,A4A5;other;worker,27.36
2026-09-12T10:31:09,9.7,25,A4A5;other;worker,27.09
2026-09-12T10:31:36,100.0,25,A4A5;other;worker,24.51
2026-09-12T10:32:04,99.1,25,A4A5;other;worker,20.55
2026-09-12T10:32:29,76.2,25,A4A5;other;worker,17.89
2026-09-12T10:32:53,95.5,25,A4A5;other;worker,18.66
2026-09-12T10:33:18,95.7,25,A4A5;other;worker,21.73
2026-09-12T10:33:43,98.9,25,A4A5;other;worker,23.59
2026-09-12T10:34:04,6.2,25,A4A5;other;worker,15.84
2026-09-12T10:34:24,68.5,25,A4A5;other;worker,11.35
2026-09-12T10:34:49,5.9,25,A4A5;other;worker,14.89
2026-09-12T10:35:19,100.0,25,A4A5;other;worker,22.37
2026-09-12T10:35:40,6.9,25,A4A5;other;worker,25.08
2026-09-12T10:36:07,36.8,25,A4A5;other;worker,31.19
2026-09-12T10:36:37,100.0,25,A4A5;other;worker,30.96
2026-09-12T10:36:58,53.7,25,A4A5;other;worker,29.3
2026-09-12T10:37:22,44.6,25,A4A5;other;worker,29.82
2026-09-12T10:37:43,5.7,25,A4A5;other;worker,27.24
2026-09-12T10:38:03,6.3,25,A4A5;other;worker,26.11
2026-09-12T10:38:24,13.1,25,A4A5;other;worker,22.56
2026-09-12T10:38:45,34.7,25,A4A5;other;worker,25.07
2026-09-12T10:39:12,100.0,25,B4;other;worker,27.44
2026-09-12T10:39:33,5.6,25,B4;other;worker,32.52
2026-09-12T10:39:54,6.8,25,B4;other;worker,21.57
2026-09-12T10:40:15,5.8,25,B4;other;worker,15.61
2026-09-12T10:40:35,5.6,25,B4;other;worker,11.19
2026-09-12T10:40:56,6.4,25,B4;other;worker,8.08
2026-09-12T10:41:16,6.1,25,B4;other;worker,5.86
2026-09-12T10:41:37,6.1,25,B4;other;worker,4.33
2026-09-12T10:41:57,13.7,25,B4;other;worker,3.17
2026-09-12T10:42:26,100.0,25,B4;other;worker,13.56
2026-09-12T10:42:46,12.3,25,B4;other;worker,9.71
2026-09-12T10:43:07,6.4,25,B4;other;worker,7.03
2026-09-12T10:43:28,25.3,25,B4;other;worker,5.04
2026-09-12T10:43:48,5.7,25,B4;other;worker,3.61
2026-09-12T10:44:53,6.2,3,A4A5;other,0.0
2026-09-12T10:47:23,7.7,3,A4A5;other,0.0
2026-09-12T10:47:44,59.8,25,A4A5;other;worker,0.0
2026-09-12T10:48:07,100.0,25,A4A5;other;worker,3.71
2026-09-12T10:48:34,97.3,25,A4A5;other;worker,11.61
2026-09-12T10:48:56,5.8,25,A4A5;other;worker,28.3
2026-09-12T10:49:23,51.6,25,B4;other;worker,0.0
2026-09-12T10:49:44,100.0,27,A4A5;B4;other;worker,14.09
2026-09-12T10:50:06,73.5,49,A4A5;B4;other;worker,11.49
2026-09-12T10:50:34,50.9,49,A4A5;B4;other;worker,15.61
2026-09-12T10:50:56,50.5,49,A4A5;B4;other;worker,25.39
2026-09-12T10:51:21,100.0,49,A4A5;B4;other;worker,24.23
2026-09-12T10:51:43,97.4,49,A4A5;B4;other;worker,30.07
2026-09-12T10:52:13,74.5,49,A4A5;B4;other;worker,34.6
2026-09-12T10:52:38,100.0,25,A4A5;other;worker,26.94
2026-09-12T10:53:03,100.0,25,A4A5;other;worker,24.95
2026-09-12T10:53:24,43.0,25,A4A5;other;worker,28.19
2026-09-12T10:53:49,63.6,25,A4A5;other;worker,27.25
2026-09-12T10:54:17,96.3,25,A4A5;other;worker,25.47
2026-09-12T10:54:44,100.0,25,A4A5;other;worker,24.31
2026-09-12T10:55:12,75.8,25,A4A5;other;worker,28.89
2026-09-12T10:55:38,57.7,25,A4A5;other;worker,28.3
2026-09-12T10:55:59,21.0,25,A4A5;other;worker,22.47
2026-09-12T10:56:20,91.0,25,A4A5;other;worker,14.93
2026-09-12T10:56:46,5.7,25,A4A5;other;worker,17.41
2026-09-12T10:57:14,100.0,25,A4A5;other;worker,20.62
2026-09-12T10:57:35,7.5,25,A4A5;other;worker,23.8
2026-09-12T10:58:05,7.0,25,A4A5;other;worker,28.41
2026-09-12T10:58:36,100.0,25,A4A5;other;worker,37.54
2026-09-12T10:58:58,50.9,25,A4A5;other;worker,40.67
2026-09-12T10:59:24,77.0,25,A4A5;other;worker,44.67
2026-09-12T10:59:47,8.0,25,A4A5;other;worker,37.27
2026-09-12T11:00:08,7.1,25,A4A5;other;worker,33.64
2026-09-12T11:00:30,6.7,25,A4A5;other;worker,34.26
2026-09-12T11:00:51,5.9,25,A4A5;other;worker,28.18
2026-09-12T11:01:22,41.7,25,B4;other;worker,27.9
2026-09-12T11:01:43,34.1,25,B4;other;worker,27.43
2026-09-12T11:02:04,5.5,25,B4;other;worker,19.66
2026-09-12T11:02:24,5.4,25,B4;other;worker,14.09
2026-09-12T11:02:45,5.6,25,B4;other;worker,10.09
2026-09-12T11:03:06,5.8,25,B4;other;worker,6.65
2026-09-12T11:03:27,5.5,25,B4;other;worker,4.77
2026-09-12T11:03:47,5.7,25,B4;other;worker,3.42
2026-09-12T11:04:08,6.1,25,B4;other;worker,2.45
2026-09-12T11:04:29,11.4,25,B4;other;worker,1.75
2026-09-12T11:04:50,6.5,25,B4;other;worker,1.26
2026-09-12T11:05:11,6.6,25,B4;other;worker,1.19
2026-09-12T11:05:32,5.8,25,B4;other;worker,0.79
2026-09-12T11:05:53,8.8,25,B4;other;worker,0.56
2026-09-12T11:06:14,7.4,25,B4;other;worker,0.4
2026-09-12T11:06:35,8.3,15,B4;other;worker,0.29
2026-09-12T11:06:55,8.5,21,B4;other;worker,6.31
2026-09-12T11:07:16,8.9,21,B4;other;worker,4.52
2026-09-12T11:07:37,6.2,21,B4;other;worker,2.98
2026-09-12T11:07:58,7.5,21,B4;other;worker,2.14
2026-09-12T11:08:19,5.9,21,B4;other;worker,1.53
2026-09-12T11:08:40,8.9,21,B4;other;worker,1.1
2026-09-12T11:09:01,6.5,21,B4;other;worker,0.79
2026-09-12T11:09:21,5.6,21,B4;other;worker,0.56
2026-09-12T11:09:42,5.7,21,B4;other;worker,0.37
2026-09-12T11:10:03,5.5,21,B4;other;worker,0.27
2026-09-12T11:10:24,5.4,21,B4;other;worker,0.19
2026-09-12T11:10:45,5.8,21,B4;other;worker,0.14
2026-09-12T11:11:06,5.7,21,B4;other;worker,0.1
2026-09-12T11:11:26,5.6,21,B4;other;worker,0.07
2026-09-12T11:11:56,42.2,15,B4;other;worker,8.61
2026-09-12T11:12:16,5.3,15,B4;other;worker,6.17
2026-09-12T11:12:37,5.7,15,B4;other;worker,4.42
2026-09-12T11:12:58,5.3,15,B4;other;worker,2.91
2026-09-12T11:13:19,5.8,15,B4;other;worker,2.09
2026-09-12T11:13:39,6.4,15,B4;other;worker,1.5
2026-09-12T11:14:00,5.5,15,B4;other;worker,1.07
2026-09-12T11:14:21,5.4,15,B4;other;worker,0.77
2026-09-12T11:14:42,6.0,15,B4;other;worker,0.55
2026-09-12T11:15:02,5.4,15,B4;other;worker,0.39
2026-09-12T11:15:23,5.6,15,B4;other;worker,0.26
2026-09-12T11:15:44,5.8,15,B4;other;worker,0.19
2026-09-12T11:16:05,5.4,15,B4;other;worker,0.13
2026-09-12T11:16:26,6.0,15,B4;other;worker,0.1
2026-09-12T11:16:46,5.2,15,B4;other;worker,0.07
2026-09-12T11:17:07,5.0,7,B4;other;worker,0.05
2026-09-12T11:17:27,5.8,24,B4;other;worker,9.72
2026-09-12T11:17:48,5.4,24,B4;other;worker,6.96
2026-09-12T11:18:08,5.8,24,B4;other;worker,4.59
2026-09-12T11:18:29,6.0,24,B4;other;worker,3.29
2026-09-12T11:18:49,5.4,24,B4;other;worker,2.36
2026-09-12T11:19:10,5.4,24,B4;other;worker,1.69
2026-09-12T11:19:30,6.1,24,B4;other;worker,1.21
2026-09-12T11:19:50,5.3,24,B4;other;worker,0.87
2026-09-12T11:20:11,11.1,24,B4;other;worker,0.62
2026-09-12T11:20:31,6.1,24,B4;other;worker,0.45
2026-09-12T11:20:52,5.6,24,B4;other;worker,0.32
2026-09-12T11:21:12,6.2,24,B4;other;worker,0.23
2026-09-12T11:21:33,5.6,24,B4;other;worker,0.16
2026-09-12T11:21:53,5.6,24,B4;other;worker,0.12
2026-09-12T11:22:13,6.0,24,B4;other;worker,0.08
2026-09-12T11:22:34,6.4,12,B4;other;worker,6.66
2026-09-12T11:22:55,8.7,12,B4;other;worker,4.77
2026-09-12T11:23:15,5.8,12,B4;other;worker,3.42
2026-09-12T11:23:36,7.6,12,B4;other;worker,2.45
2026-09-12T11:23:56,5.7,12,B4;other;worker,1.76
2026-09-12T11:24:17,6.8,12,B4;other;worker,1.26
2026-09-12T11:24:37,11.3,12,B4;other;worker,0.9
2026-09-12T11:24:58,5.9,12,B4;other;worker,0.65
2026-09-12T11:25:18,5.6,12,B4;other;worker,0.46
2026-09-12T11:25:39,5.8,12,B4;other;worker,0.3
2026-09-12T11:25:59,6.6,12,B4;other;worker,0.22
2026-09-12T11:26:20,5.8,12,B4;other;worker,0.16
2026-09-12T11:26:40,5.3,12,B4;other;worker,0.11
2026-09-12T11:27:00,5.3,12,B4;other;worker,0.08
2026-09-12T11:27:21,5.3,11,B4;other;worker,0.06
2026-09-12T11:27:41,5.7,25,B4;other;worker,0.04
2026-09-12T11:28:02,5.8,25,B4;other;worker,0.03
2026-09-12T11:28:22,5.2,25,B4;other;worker,0.02
2026-09-12T11:28:43,5.3,25,B4;other;worker,0.02
2026-09-12T11:29:03,6.2,25,B4;other;worker,0.01
2026-09-12T11:29:23,5.6,25,B4;other;worker,0.01
2026-09-12T11:29:44,5.4,25,B4;other;worker,0.01
2026-09-12T11:30:04,6.4,25,B4;other;worker,0.0
2026-09-12T11:30:25,5.5,25,B4;other;worker,0.0
2026-09-12T11:30:45,5.6,25,B4;other;worker,0.0
2026-09-12T11:31:05,11.4,25,B4;other;worker,0.0
2026-09-12T11:31:26,5.5,25,B4;other;worker,0.0
2026-09-12T11:31:46,5.7,25,B4;other;worker,0.0
2026-09-12T11:32:07,5.5,25,B4;other;worker,0.0
2026-09-12T11:32:27,5.4,25,B4;other;worker,0.0
2026-09-12T11:32:48,7.5,20,B4;other;worker,0.0
2026-09-12T11:33:08,7.4,14,B4;other;worker,0.0
2026-09-12T11:33:28,5.4,8,B4;other;worker,0.0
2026-09-12T11:33:49,13.9,25,B4;other;worker,0.0
2026-09-12T11:34:09,5.5,25,B4;other;worker,0.16
2026-09-12T11:34:30,5.7,25,B4;other;worker,0.11
2026-09-12T11:34:50,6.0,25,B4;other;worker,0.08
2026-09-12T11:35:10,5.4,25,B4;other;worker,0.05
2026-09-12T11:35:31,5.7,25,B4;other;worker,0.04
2026-09-12T11:35:51,9.6,25,B4;other;worker,0.03
2026-09-12T11:36:12,5.6,25,B4;other;worker,0.02
2026-09-12T11:36:32,5.6,25,B4;other;worker,0.01
2026-09-12T11:36:52,5.7,25,B4;other;worker,0.01
2026-09-12T11:37:13,5.9,25,B4;other;worker,0.01
2026-09-12T11:37:33,5.4,25,B4;other;worker,0.01
2026-09-12T11:37:54,5.9,25,B4;other;worker,0.0
2026-09-12T11:38:14,5.4,25,B4;other;worker,0.0
2026-09-12T11:38:34,5.8,25,B4;other;worker,0.0
2026-09-12T11:38:55,5.6,23,B4;other;worker,0.0
2026-09-12T11:39:15,5.2,16,B4;other;worker,0.37
2026-09-12T11:39:36,5.8,8,B4;other;worker,0.26
2026-09-12T11:39:56,5.8,8,B4;other;worker,0.19
2026-09-12T11:40:17,5.5,25,B4;other;worker,1.62
2026-09-12T11:40:37,5.7,25,B4;other;worker,1.16
2026-09-12T11:40:57,5.4,25,B4;other;worker,0.83
2026-09-12T11:41:18,5.4,25,B4;other;worker,0.6
2026-09-12T11:41:38,6.2,25,B4;other;worker,0.43
2026-09-12T11:41:59,5.8,25,B4;other;worker,0.31
2026-09-12T11:42:19,5.3,25,B4;other;worker,0.22
2026-09-12T11:42:39,5.4,25,B4;other;worker,0.16
2026-09-12T11:43:00,5.6,25,B4;other;worker,0.11
2026-09-12T11:43:20,5.8,25,B4;other;worker,0.07
2026-09-12T11:43:41,5.2,25,B4;other;worker,0.05
2026-09-12T11:44:01,5.3,25,B4;other;worker,0.04
2026-09-12T11:44:22,5.4,25,B4;other;worker,0.03
2026-09-12T11:44:42,5.5,25,B4;other;worker,0.02
2026-09-12T11:45:02,5.4,25,B4;other;worker,0.01
2026-09-12T11:45:23,6.3,20,B4;other;worker,0.01
2026-09-12T11:45:43,5.4,11,B4;other;worker,0.01
2026-09-12T11:46:04,5.6,11,B4;other;worker,0.01
2026-09-12T11:46:24,5.8,25,B4;other;worker,1.49
2026-09-12T11:46:44,5.3,25,B4;other;worker,1.07
2026-09-12T11:47:05,5.3,25,B4;other;worker,0.77
2026-09-12T11:47:25,6.2,25,B4;other;worker,0.55
2026-09-12T11:47:46,5.4,25,B4;other;worker,0.36
2026-09-12T11:48:06,5.6,25,B4;other;worker,0.26
2026-09-12T11:48:27,5.3,22,B4;other;worker,0.19
2026-09-12T11:48:47,5.9,22,B4;other;worker,0.13
2026-09-12T11:49:08,26.2,25,B4;other;worker,0.1
2026-09-12T11:49:28,6.3,25,B4;other;worker,0.07
2026-09-12T11:49:48,5.4,25,B4;other;worker,0.05
2026-09-12T11:50:09,6.5,25,B4;other;worker,0.04
2026-09-12T11:50:29,5.8,25,B4;other;worker,0.03
2026-09-12T11:50:50,5.5,25,B4;other;worker,0.02
2026-09-12T11:51:10,6.3,25,B4;other;worker,0.01
2026-09-12T11:51:30,5.5,11,B4;other;worker,0.01
2026-09-12T11:51:51,5.5,11,B4;other;worker,0.01
2026-09-12T11:52:11,5.6,25,B4;other;worker,0.0
2026-09-12T11:52:32,5.4,25,B4;other;worker,0.0
2026-09-12T11:52:52,5.8,25,B4;other;worker,0.0
2026-09-12T11:53:13,6.1,25,B4;other;worker,0.0
2026-09-12T11:53:33,6.0,25,B4;other;worker,0.0
2026-09-12T11:53:53,5.7,25,B4;other;worker,0.0
2026-09-12T11:54:14,10.2,23,B4;other;worker,0.0
2026-09-12T11:54:34,5.6,22,B4;other;worker,0.0
2026-09-12T11:54:55,6.1,22,B4;other;worker,0.0
2026-09-12T11:55:15,5.4,22,B4;other;worker,0.0
2026-09-12T11:55:35,5.3,25,B4;other;worker,0.0
2026-09-12T11:55:56,6.3,25,B4;other;worker,0.0
2026-09-12T11:56:16,5.2,25,B4;other;worker,0.0
2026-09-12T11:56:37,5.5,25,B4;other;worker,0.0
2026-09-12T11:56:57,5.8,25,B4;other;worker,0.0
2026-09-12T11:57:17,5.2,19,B4;other;worker,0.0
2026-09-12T11:57:38,5.7,12,B4;other;worker,0.0
2026-09-12T11:57:58,5.9,12,B4;other;worker,0.0
2026-09-12T11:58:19,60.9,12,B4;other;worker,0.0
2026-09-12T11:58:39,5.8,25,B4;other;worker,0.0
2026-09-12T11:59:00,5.4,25,B4;other;worker,0.0
2026-09-12T11:59:20,5.4,25,B4;other;worker,0.0
2026-09-12T11:59:41,6.4,25,B4;other;worker,0.0
2026-09-12T12:00:01,5.5,25,B4;other;worker,0.0
2026-09-12T12:00:22,5.5,25,B4;other;worker,0.0
2026-09-12T12:00:42,6.1,25,B4;other;worker,0.0
2026-09-12T12:01:02,5.3,25,B4;other;worker,0.0
2026-09-12T12:01:23,5.4,25,B4;other;worker,0.0
2026-09-12T12:01:43,6.1,25,B4;other;worker,0.0
2026-09-12T12:02:04,5.2,25,B4;other;worker,0.0
2026-09-12T12:02:24,5.5,25,B4;other;worker,0.0
2026-09-12T12:02:44,5.9,25,B4;other;worker,0.0
2026-09-12T12:03:05,5.5,25,B4;other;worker,0.0
2026-09-12T12:03:25,5.6,22,B4;other;worker,0.0
2026-09-12T12:03:46,6.0,18,B4;other;worker,0.0
2026-09-12T12:04:06,5.4,9,B4;other;worker,0.0
2026-09-12T12:04:27,44.2,25,B4;other;worker,0.0
2026-09-12T12:04:47,5.4,25,B4;other;worker,0.0
2026-09-12T12:05:08,5.5,25,B4;other;worker,0.0
2026-09-12T12:05:28,6.1,25,B4;other;worker,0.0
2026-09-12T12:05:48,5.5,25,B4;other;worker,0.0
2026-09-12T12:06:09,5.8,25,B4;other;worker,0.0
2026-09-12T12:06:29,6.5,25,B4;other;worker,0.0
2026-09-12T12:06:49,5.3,25,B4;other;worker,0.0
2026-09-12T12:07:10,5.6,25,B4;other;worker,0.0
2026-09-12T12:07:30,5.9,25,B4;other;worker,0.0
2026-09-12T12:07:51,5.5,25,B4;other;worker,0.0
2026-09-12T12:08:11,5.8,25,B4;other;worker,0.0
2026-09-12T12:08:32,5.9,25,B4;other;worker,0.0
2026-09-12T12:08:52,5.6,25,B4;other;worker,0.0
2026-09-12T12:09:12,5.9,25,B4;other;worker,0.0
2026-09-12T12:09:33,5.5,24,B4;other;worker,0.0
2026-09-12T12:09:53,5.4,18,B4;other;worker,0.0
2026-09-12T12:10:14,6.0,10,B4;other;worker,0.0
2026-09-12T12:10:34,5.4,10,B4;other;worker,0.0
2026-09-12T12:10:54,5.3,25,B4;other;worker,0.0
2026-09-12T12:11:15,6.0,25,B4;other;worker,0.0
2026-09-12T12:11:35,5.4,25,B4;other;worker,0.0
2026-09-12T12:11:56,5.5,25,B4;other;worker,0.0
2026-09-12T12:12:16,6.4,25,B4;other;worker,0.0
2026-09-12T12:12:36,5.8,25,B4;other;worker,0.0
2026-09-12T12:12:57,5.4,25,B4;other;worker,0.0
2026-09-12T12:13:17,6.1,25,B4;other;worker,0.0
2026-09-12T12:13:38,5.5,25,B4;other;worker,0.0
2026-09-12T12:13:58,5.6,25,B4;other;worker,0.06
2026-09-12T12:14:19,5.7,25,B4;other;worker,0.04
2026-09-12T12:14:39,5.6,25,B4;other;worker,0.03
2026-09-12T12:14:59,6.5,25,B4;other;worker,0.02
2026-09-12T12:15:20,5.2,25,B4;other;worker,0.02
2026-09-12T12:15:40,5.5,25,B4;other;worker,0.01
2026-09-12T12:16:01,5.9,19,B4;other;worker,0.01
2026-09-12T12:16:21,5.4,11,B4;other;worker,0.01
2026-09-12T12:16:41,5.3,11,B4;other;worker,0.0
2026-09-12T12:17:02,5.8,25,B4;other;worker,0.0
2026-09-12T12:17:22,5.3,25,B4;other;worker,0.0
2026-09-12T12:17:43,5.4,25,B4;other;worker,0.0
2026-09-12T12:18:03,6.1,25,B4;other;worker,0.0
2026-09-12T12:18:23,5.6,25,B4;other;worker,0.0
2026-09-12T12:18:44,5.5,25,B4;other;worker,0.0
2026-09-12T12:19:04,5.8,22,B4;other;worker,0.08
2026-09-12T12:19:25,5.6,22,B4;other;worker,0.06
2026-09-12T12:19:45,5.2,25,B4;other;worker,0.04
2026-09-12T12:20:05,5.6,25,B4;other;worker,0.03
2026-09-12T12:20:26,5.9,25,B4;other;worker,0.02
2026-09-12T12:20:46,5.7,25,B4;other;worker,0.02
2026-09-12T12:21:07,5.4,25,B4;other;worker,0.01
2026-09-12T12:21:27,5.4,25,B4;other;worker,0.01
2026-09-12T12:21:48,6.0,25,B4;other;worker,0.01
2026-09-12T12:22:08,5.4,11,B4;other;worker,0.0
2026-09-12T12:22:28,5.3,11,B4;other;worker,0.0
2026-09-12T12:22:49,6.2,25,B4;other;worker,0.08
2026-09-12T12:23:09,5.1,25,B4;other;worker,0.05
2026-09-12T12:23:30,5.6,25,B4;other;worker,0.04
2026-09-12T12:23:50,5.5,25,B4;other;worker,0.03
2026-09-12T12:24:10,5.4,25,B4;other;worker,0.02
2026-09-12T12:24:31,5.6,25,B4;other;worker,0.01
2026-09-12T12:24:51,6.4,25,B4;other;worker,0.01
2026-09-12T12:25:12,5.7,22,B4;other;worker,0.01
2026-09-12T12:25:32,5.5,22,B4;other;worker,0.01
2026-09-12T12:25:53,5.8,25,B4;other;worker,0.0
2026-09-12T12:26:13,5.2,25,B4;other;worker,0.0
2026-09-12T12:26:33,5.9,25,B4;other;worker,0.0
2026-09-12T12:26:54,5.1,25,B4;other;worker,0.0
2026-09-12T12:27:14,6.1,25,B4;other;worker,0.0
2026-09-12T12:27:35,6.3,25,B4;other;worker,0.0
2026-09-12T12:27:55,5.5,25,B4;other;worker,0.0
2026-09-12T12:28:15,5.6,12,B4;other;worker,0.0
2026-09-12T12:28:36,6.2,12,B4;other;worker,0.0
2026-09-12T12:28:56,5.4,25,B4;other;worker,2.5
2026-09-12T12:29:17,5.5,25,B4;other;worker,1.79
2026-09-12T12:29:37,6.4,25,B4;other;worker,1.28
2026-09-12T12:29:57,5.6,25,B4;other;worker,0.92
2026-09-12T12:30:18,5.9,25,B4;other;worker,0.66
2026-09-12T12:30:38,5.5,25,B4;other;worker,0.47
2026-09-12T12:30:59,5.5,25,B4;other;worker,0.34
2026-09-12T12:31:19,5.5,25,B4;other;worker,0.24
2026-09-12T12:31:39,5.7,25,B4;other;worker,0.16
2026-09-12T12:32:00,5.5,25,B4;other;worker,0.85
2026-09-12T12:32:20,6.1,25,B4;other;worker,0.61
2026-09-12T12:32:41,5.4,25,B4;other;worker,0.44
2026-09-12T12:33:01,5.4,25,B4;other;worker,0.31
2026-09-12T12:33:22,6.1,25,B4;other;worker,0.22
2026-09-12T12:33:42,5.6,25,B4;other;worker,0.16
2026-09-12T12:34:02,5.6,21,B4;other;worker,0.12
2026-09-12T12:34:23,6.8,8,B4;other;worker,0.08
2026-09-12T12:34:43,5.3,8,B4;other;worker,0.06
2026-09-12T12:35:04,5.7,25,B4;other;worker,3.24
2026-09-12T12:35:24,5.7,25,B4;other;worker,2.32
2026-09-12T12:35:44,5.4,25,B4;other;worker,1.66
2026-09-12T12:36:05,5.4,25,B4;other;worker,1.1
2026-09-12T12:36:25,5.2,25,B4;other;worker,0.79
2026-09-12T12:36:46,5.2,25,B4;other;worker,0.56
2026-09-12T12:37:06,6.0,25,B4;other;worker,0.4
2026-09-12T12:37:26,5.4,25,B4;other;worker,0.29
2026-09-12T12:37:47,5.7,25,B4;other;worker,0.21
2026-09-12T12:38:07,6.3,25,B4;other;worker,0.63
2026-09-12T12:38:28,5.5,25,B4;other;worker,0.45
2026-09-12T12:38:48,5.5,25,B4;other;worker,0.32
2026-09-12T12:39:09,6.1,25,B4;other;worker,0.23
2026-09-12T12:39:29,5.6,25,B4;other;worker,0.17
2026-09-12T12:39:49,5.5,25,B4;other;worker,0.12
2026-09-12T12:40:10,5.7,20,B4;other;worker,0.09
2026-09-12T12:40:30,7.9,9,B4;other;worker,0.06
2026-09-12T12:40:51,5.4,8,B4;other;worker,0.04
2026-09-12T12:41:11,62.4,8,B4;other;worker,0.03
2026-09-12T12:41:31,5.5,25,B4;other;worker,0.02
2026-09-12T12:41:52,5.8,25,B4;other;worker,0.01
2026-09-12T12:42:12,5.4,25,B4;other;worker,0.01
2026-09-12T12:42:33,5.1,25,B4;other;worker,0.01
2026-09-12T12:42:53,5.6,25,B4;other;worker,0.01
2026-09-12T12:43:14,5.6,25,B4;other;worker,0.0
2026-09-12T12:43:34,5.6,25,B4;other;worker,0.0
2026-09-12T12:43:54,6.2,25,B4;other;worker,0.0
2026-09-12T12:44:15,5.6,25,B4;other;worker,0.0
2026-09-12T12:44:35,10.2,25,B4;other;worker,8.08
2026-09-12T12:44:56,36.9,25,B4;other;worker,7.37
2026-09-12T12:45:16,37.1,25,B4;other;worker,7.97
2026-09-12T12:45:37,37.3,25,B4;other;worker,8.11
2026-09-12T12:45:57,38.0,25,B4;other;worker,9.11
2026-09-12T12:46:18,41.4,13,B4;other;worker,15.34
2026-09-12T12:46:39,37.5,11,B4;other;worker,13.93
2026-09-12T12:46:59,38.4,11,B4;other;worker,12.53
2026-09-12T12:47:20,37.6,11,B4;other;worker,10.91
2026-09-12T12:47:40,38.6,11,B4;other;worker,10.19
2026-09-12T12:48:01,42.5,25,B4;other;worker,11.77
2026-09-12T12:48:22,37.4,25,B4;other;worker,12.03
2026-09-12T12:48:42,37.9,25,B4;other;worker,10.87
2026-09-12T12:49:03,37.8,25,B4;other;worker,9.07
2026-09-12T12:49:24,36.6,25,B4;other;worker,9.05
2026-09-12T12:49:44,38.3,25,B4;other;worker,9.3
2026-09-12T12:50:04,5.6,25,B4;other;worker,14.78
2026-09-12T12:50:25,38.1,25,B4;other;worker,11.47
2026-09-12T12:50:45,38.3,25,B4;other;worker,10.08
2026-09-12T12:51:06,38.1,25,B4;other;worker,10.09
2026-09-12T12:51:27,37.4,25,B4;other;worker,9.34
2026-09-12T12:51:48,42.8,25,B4;other;worker,13.01
2026-09-12T12:52:08,37.0,25,B4;other;worker,11.32
2026-09-12T12:52:29,37.0,25,B4;other;worker,10.24
2026-09-12T12:52:49,37.5,25,B4;other;worker,8.35
2026-09-12T12:53:10,38.2,14,B4;other;worker,7.83
2026-09-12T12:53:30,43.7,25,B4;other;worker,7.82
2026-09-12T12:53:51,24.6,25,B4;other;worker,13.18
2026-09-12T12:54:11,35.3,25,B4;other;worker,11.4
2026-09-12T12:54:32,6.0,25,B5;other;worker,8.23
2026-09-12T12:54:52,5.1,25,B5;other;worker,5.9
2026-09-12T12:55:12,5.3,25,B5;other;worker,4.22
2026-09-12T12:55:33,5.8,25,B5;other;worker,3.03
2026-09-12T12:55:53,5.3,25,B5;other;worker,2.17
2026-09-12T12:56:14,5.3,25,B5;other;worker,1.55
2026-09-12T12:56:34,10.7,25,B5;other;worker,1.11
2026-09-12T12:56:54,5.6,25,B5;other;worker,0.8
2026-09-12T12:57:15,5.9,25,B5;other;worker,0.57
2026-09-12T12:57:35,5.3,25,B5;other;worker,0.41
2026-09-12T12:57:56,5.3,25,B5;other;worker,0.29
2026-09-12T12:58:16,6.3,25,B5;other;worker,0.21
2026-09-12T12:58:36,5.2,25,B5;other;worker,0.29
2026-09-12T12:58:57,5.4,25,B5;other;worker,0.2
2026-09-12T12:59:17,10.6,25,B5;other;worker,0.15
2026-09-12T12:59:38,5.8,18,B5;other;worker,0.11
2026-09-12T12:59:58,5.2,11,B5;other;worker,0.08
2026-09-12T13:00:18,6.1,11,B5;other;worker,0.05
2026-09-12T13:00:39,6.0,25,B5;other;worker,0.04
2026-09-12T13:00:59,5.7,25,B5;other;worker,0.03
2026-09-12T13:01:20,6.1,25,B5;other;worker,0.02
2026-09-12T13:01:40,5.7,25,B5;other;worker,0.01
2026-09-12T13:02:00,5.4,25,B5;other;worker,0.01
2026-09-12T13:02:21,5.3,25,B5;other;worker,0.01
2026-09-12T13:02:41,5.8,25,B5;other;worker,0.01
2026-09-12T13:03:01,6.0,25,B5;other;worker,0.0
2026-09-12T13:03:22,5.3,25,B5;other;worker,0.0
2026-09-12T13:03:42,5.2,25,B5;other;worker,0.0
2026-09-12T13:04:03,6.0,25,B5;other;worker,0.0
2026-09-12T13:04:23,5.3,25,B5;other;worker,0.0
2026-09-12T13:04:43,5.4,25,B5;other;worker,0.0
2026-09-12T13:05:04,6.0,25,B5;other;worker,0.0
2026-09-12T13:05:24,5.3,25,B5;other;worker,0.75
2026-09-12T13:05:45,5.4,22,B5;other;worker,0.54
2026-09-12T13:06:05,5.5,11,B5;other;worker,0.38
2026-09-12T13:06:25,5.1,25,B5;other;worker,0.28
2026-09-12T13:06:46,5.7,25,B5;other;worker,0.2
2026-09-12T13:07:06,5.5,25,B5;other;worker,0.14
2026-09-12T13:07:27,5.2,25,B5;other;worker,0.1
2026-09-12T13:07:47,5.6,25,B5;other;worker,0.07
2026-09-12T13:08:07,5.4,25,B5;other;worker,0.05
2026-09-12T13:08:28,5.4,25,B5;other;worker,0.03
2026-09-12T13:08:48,5.9,25,B5;other;worker,0.02
2026-09-12T13:09:09,5.7,25,B5;other;worker,0.02
2026-09-12T13:09:29,5.1,25,B5;other;worker,0.09
2026-09-12T13:09:49,5.3,25,B5;other;worker,0.06
2026-09-12T13:10:10,5.4,25,B5;other;worker,0.04
2026-09-12T13:10:30,5.4,25,B5;other;worker,0.03
2026-09-12T13:10:51,5.9,25,B5;other;worker,0.02
2026-09-12T13:11:11,5.1,24,B5;other;worker,0.02
2026-09-12T13:11:31,5.7,20,B5;other;worker,0.01
2026-09-12T13:11:52,5.9,11,B5;other;worker,0.01
2026-09-12T13:12:12,5.7,11,B5;other;worker,0.01
2026-09-12T13:12:33,5.7,25,B5;other;worker,0.0
2026-09-12T13:12:53,5.4,25,B5;other;worker,0.0
2026-09-12T13:13:13,6.2,25,B5;other;worker,0.0
2026-09-12T13:13:34,6.0,25,B5;other;worker,0.0
2026-09-12T13:13:54,5.5,25,B5;other;worker,0.0
2026-09-12T13:14:15,5.7,25,B5;other;worker,1.56
2026-09-12T13:14:35,5.7,25,B5;other;worker,1.12
2026-09-12T13:14:55,5.5,25,B5;other;worker,0.8
2026-09-12T13:15:16,5.9,25,B5;other;worker,0.57
2026-09-12T13:15:36,6.1,25,B5;other;worker,0.41
2026-09-12T13:15:57,5.3,25,B5;other;worker,0.29
2026-09-12T13:16:17,5.2,25,B5;other;worker,0.21
2026-09-12T13:16:37,5.9,25,B5;other;worker,0.15
2026-09-12T13:16:58,5.4,25,B5;other;worker,0.1
2026-09-12T13:17:18,5.4,25,B5;other;worker,0.07
2026-09-12T13:17:39,6.1,22,B5;other;worker,0.05
2026-09-12T13:17:59,5.9,12,B5;other;worker,0.04
2026-09-12T13:18:20,5.5,11,B5;other;worker,0.03
2026-09-12T13:18:40,5.7,11,B5;other;worker,0.02
2026-09-12T13:19:00,6.1,11,B5;other;worker,0.01
2026-09-12T13:19:21,5.7,8,B5;other;worker,0.01
2026-09-12T13:19:41,20.2,25,B5;other;worker,0.01
2026-09-12T13:20:01,5.3,25,B5;other;worker,0.0
2026-09-12T13:20:22,6.1,25,B5;other;worker,0.0
2026-09-12T13:20:42,5.1,25,B5;other;worker,0.0
2026-09-12T13:21:03,5.8,25,B5;other;worker,0.0
2026-09-12T13:21:23,6.0,25,B5;other;worker,0.0
2026-09-12T13:21:43,5.3,25,B5;other;worker,0.0
2026-09-12T13:22:04,5.8,25,B5;other;worker,0.0
2026-09-12T13:22:24,6.1,25,B5;other;worker,0.07
2026-09-12T13:22:45,5.6,25,B5;other;worker,0.05
2026-09-12T13:23:05,5.9,25,B5;other;worker,0.04
2026-09-12T13:23:26,5.3,25,B5;other;worker,0.03
2026-09-12T13:23:46,5.3,25,B5;other;worker,0.02
2026-09-12T13:24:06,5.7,25,B5;other;worker,0.01
2026-09-12T13:24:27,5.8,25,B5;other;worker,0.01
2026-09-12T13:24:47,5.8,8,B5;other;worker,0.01
2026-09-12T13:25:08,5.9,8,B5;other;worker,0.01
2026-09-12T13:25:28,5.3,25,B5;other;worker,2.08
2026-09-12T13:25:48,5.4,25,B5;other;worker,1.49
2026-09-12T13:26:09,6.0,25,B5;other;worker,0.98
2026-09-12T13:26:29,5.5,25,B5;other;worker,0.7
2026-09-12T13:26:50,5.4,25,B5;other;worker,0.51
2026-09-12T13:27:10,6.3,25,B5;other;worker,0.36
2026-09-12T13:27:30,5.5,25,B5;other;worker,0.26
2026-09-12T13:27:51,5.7,25,B5;other;worker,0.19
2026-09-12T13:28:11,5.3,25,B5;other;worker,0.13
2026-09-12T13:28:32,5.3,25,B5;other;worker,0.1
2026-09-12T13:28:52,5.3,25,B5;other;worker,0.07
2026-09-12T13:29:13,5.8,25,B5;other;worker,0.05
2026-09-12T13:29:33,5.4,25,B5;other;worker,0.04
2026-09-12T13:29:53,6.0,25,B5;other;worker,0.03
2026-09-12T13:30:14,5.6,25,B5;other;worker,0.02
2026-09-12T13:30:34,5.7,12,B5;other;worker,0.01
2026-09-12T13:30:55,6.5,8,B5;other;worker,0.01
2026-09-12T13:31:15,5.4,25,B5;other;worker,2.65
2026-09-12T13:31:35,5.5,25,B5;other;worker,1.98
2026-09-12T13:31:56,6.1,25,B5;other;worker,1.42
2026-09-12T13:32:16,5.4,25,B5;other;worker,1.02
2026-09-12T13:32:37,5.6,25,B5;other;worker,0.73
2026-09-12T13:32:57,5.7,25,B5;other;worker,0.52
2026-09-12T13:33:17,5.7,25,B5;other;worker,0.37
2026-09-12T13:33:38,5.5,25,B5;other;worker,0.27
2026-09-12T13:33:58,6.5,25,B5;other;worker,0.19
2026-09-12T13:34:19,5.5,25,B5;other;worker,0.14
2026-09-12T13:34:39,5.7,25,B5;other;worker,0.1
2026-09-12T13:34:59,6.1,25,B5;other;worker,0.07
2026-09-12T13:35:20,5.2,25,B5;other;worker,0.05
2026-09-12T13:35:40,5.8,25,B5;other;worker,0.03
2026-09-12T13:36:01,5.4,25,B5;other;worker,0.02
2026-09-12T13:36:21,5.4,8,B5;other;worker,0.02
2026-09-12T13:36:41,5.8,8,B5;other;worker,0.01
2026-09-12T13:37:02,5.6,25,B5;other;worker,0.01
2026-09-12T13:37:22,5.3,25,B5;other;worker,0.01
2026-09-12T13:37:43,6.0,25,B5;other;worker,0.0
2026-09-12T13:38:03,5.1,25,B5;other;worker,0.0
2026-09-12T13:38:23,5.3,25,B5;other;worker,0.0
2026-09-12T13:38:44,6.1,25,B5;other;worker,0.0
2026-09-12T13:39:04,5.1,25,B5;other;worker,0.0
2026-09-12T13:39:25,15.7,25,B5;other;worker,0.0
2026-09-12T13:39:45,5.6,25,B5;other;worker,0.0
2026-09-12T13:40:05,5.6,25,B5;other;worker,0.0
2026-09-12T13:40:26,6.1,25,B5;other;worker,0.0
2026-09-12T13:40:46,5.6,25,B5;other;worker,0.0
2026-09-12T13:41:07,5.4,25,B5;other;worker,0.0
2026-09-12T13:41:27,6.2,25,B5;other;worker,0.0
2026-09-12T13:41:48,6.4,25,B5;other;worker,0.0
2026-09-12T13:42:08,5.5,8,B5;other;worker,0.0
2026-09-12T13:42:28,6.2,8,B5;other;worker,0.0
2026-09-12T13:42:49,5.3,25,B5;other;worker,1.69
2026-09-12T13:43:09,5.2,25,B5;other;worker,1.21
2026-09-12T13:43:30,6.0,25,B5;other;worker,0.87
2026-09-12T13:43:50,5.6,25,B5;other;worker,0.62
2026-09-12T13:44:10,5.4,25,B5;other;worker,0.41
2026-09-12T13:44:31,5.5,25,B5;other;worker,0.36
2026-09-12T13:44:51,5.7,25,B5;other;worker,0.26
2026-09-12T13:45:12,6.0,25,B5;other;worker,0.18
2026-09-12T13:45:32,5.4,25,B5;other;worker,0.13
2026-09-12T13:45:52,5.2,25,B5;other;worker,0.09
2026-09-12T13:46:13,6.9,25,B5;other;worker,0.07
2026-09-12T13:46:33,5.5,25,B5;other;worker,0.05
2026-09-12T13:46:54,5.7,25,B5;other;worker,0.03
2026-09-12T13:47:14,5.6,25,B5;other;worker,0.02
2026-09-12T13:47:35,5.4,25,B5;other;worker,0.02
2026-09-12T13:47:55,5.5,15,B5;other;worker,0.01
2026-09-12T13:48:15,6.2,25,B5;other;worker,0.01
2026-09-12T13:48:36,5.5,25,B5;other;worker,0.01
2026-09-12T13:48:56,5.4,25,B5;other;worker,0.0
2026-09-12T13:49:17,5.9,25,B5;other;worker,0.0
2026-09-12T13:49:37,5.4,25,B5;other;worker,0.0
2026-09-12T13:49:57,5.2,25,B5;other;worker,2.21
2026-09-12T13:50:18,6.0,25,B5;other;worker,1.58
2026-09-12T13:50:38,5.3,25,B5;other;worker,1.13
2026-09-12T13:50:59,6.0,25,B5;other;worker,0.81
2026-09-12T13:51:19,5.6,25,B5;other;worker,0.58
2026-09-12T13:51:39,5.4,25,B5;other;worker,0.42
2026-09-12T13:52:00,5.6,25,B5;other;worker,0.3
2026-09-12T13:52:20,5.2,25,B5;other;worker,0.21
2026-09-12T13:52:41,5.6,25,B5;other;worker,0.15
2026-09-12T13:53:01,5.9,25,B5;other;worker,0.1
2026-09-12T13:53:22,5.3,22,B5;other;worker,0.07
2026-09-12T13:53:42,5.5,25,B5;other;worker,2.26
2026-09-12T13:54:02,6.3,25,B5;other;worker,1.62
2026-09-12T13:54:23,6.2,25,B5;other;worker,1.16
2026-09-12T13:54:43,5.5,25,B5;other;worker,0.83
2026-09-12T13:55:04,6.0,25,B5;other;worker,0.6
2026-09-12T13:55:24,5.3,25,B5;other;worker,2.19
2026-09-12T13:55:44,5.2,25,B5;other;worker,1.57
2026-09-12T13:56:05,5.9,25,B5;other;worker,1.13
2026-09-12T13:56:26,47.4,25,B5b;other;worker,0.81
2026-09-12T13:56:46,5.7,25,B5b;other;worker,8.39
2026-09-12T13:57:06,5.4,25,B5b;other;worker,5.53
2026-09-12T13:57:27,5.6,25,B5b;other;worker,3.96
2026-09-12T13:57:47,6.2,25,B5b;other;worker,2.84
2026-09-12T13:58:08,5.5,25,B5b;other;worker,2.03
2026-09-12T13:58:28,5.5,25,B5b;other;worker,1.46
2026-09-12T13:58:49,6.5,25,B5b;other;worker,1.04
2026-09-12T13:59:09,5.3,25,B5b;other;worker,0.75
2026-09-12T13:59:29,5.5,25,B5b;other;worker,0.54
2026-09-12T13:59:50,6.3,25,B5b;other;worker,0.38
2026-09-12T14:00:10,5.5,25,B5b;other;worker,0.28
2026-09-12T14:00:31,5.2,25,B5b;other;worker,0.2
2026-09-12T14:00:51,6.0,25,B5b;other;worker,0.14
2026-09-12T14:01:11,5.7,25,B5b;other;worker,0.1
2026-09-12T14:01:32,44.1,25,B5b;other;worker,3.58
2026-09-12T14:01:53,13.1,25,B5b;other;worker,12.75
2026-09-12T14:02:13,5.6,25,B5b;other;worker,9.14
2026-09-12T14:02:34,5.7,25,B5b;other;worker,6.55
2026-09-12T14:02:54,5.4,25,B5b;other;worker,4.69
2026-09-12T14:03:15,5.6,25,B5b;other;worker,3.36
2026-09-12T14:03:35,6.4,25,B5b;other;worker,2.41
2026-09-12T14:03:56,5.9,25,B5b;other;worker,1.73
2026-09-12T14:04:16,5.5,25,B5b;other;worker,1.24
2026-09-12T14:04:36,7.1,25,B5b;other;worker,0.89
2026-09-12T14:04:57,5.8,25,B5b;other;worker,0.63
2026-09-12T14:05:17,5.7,25,B5b;other;worker,0.42
2026-09-12T14:05:38,5.8,25,B5b;other;worker,0.3
2026-09-12T14:05:58,5.5,25,B5b;other;worker,0.21
2026-09-12T14:06:19,5.8,25,B5b;other;worker,0.15
2026-09-12T14:06:39,5.4,21,B5b;other;worker,0.11
2026-09-12T14:06:59,6.0,15,B5b;other;worker,0.08
2026-09-12T14:07:20,6.0,5,B5b;other;worker,0.06
2026-09-12T14:07:40,5.4,5,B5b;other;worker,0.04
2026-09-12T14:08:01,5.8,5,B5b;other;worker,0.03
2026-09-12T14:08:21,6.6,5,B5b;other;worker,0.02
2026-09-12T14:08:42,5.5,5,B5b;other;worker,0.01
2026-09-12T14:09:02,5.6,5,B5b;other;worker,0.01
2026-09-12T14:09:22,6.4,5,B5b;other;worker,0.01
2026-09-12T14:09:43,5.2,5,B5b;other;worker,0.01
2026-09-12T14:10:03,5.3,5,B5b;other;worker,0.0
2026-09-12T14:10:24,5.8,5,B5b;other;worker,0.0
2026-09-12T14:10:44,5.4,5,B5b;other;worker,0.0
2026-09-12T14:11:04,5.4,5,B5b;other;worker,0.0
2026-09-12T14:11:25,5.9,5,B5b;other;worker,0.0
2026-09-12T14:11:45,5.1,5,B5b;other;worker,0.0
2026-09-12T14:12:06,5.7,5,B5b;other;worker,0.0
2026-09-12T14:12:26,5.9,5,B5b;other;worker,0.0
2026-09-12T14:12:46,5.3,5,B5b;other;worker,0.0
2026-09-12T14:13:07,5.5,5,B5b;other;worker,0.0
2026-09-12T14:13:30,100.0,25,B5b;other;worker,3.76
2026-09-12T14:13:51,5.3,25,B5b;other;worker,12.24
2026-09-12T14:14:11,5.6,25,B5b;other;worker,8.77
2026-09-12T14:14:32,5.2,25,B5b;other;worker,6.28
2026-09-12T14:14:52,5.2,25,B5b;other;worker,4.5
2026-09-12T14:15:13,6.0,25,B5b;other;worker,3.23
2026-09-12T14:15:33,5.1,25,B5b;other;worker,2.13
2026-09-12T14:15:53,5.2,25,B5b;other;worker,1.52
2026-09-12T14:16:14,5.7,25,B5b;other;worker,1.09
2026-09-12T14:16:34,5.5,25,B5b;other;worker,0.78
2026-09-12T14:16:55,8.5,25,B5b;other;worker,0.56
2026-09-12T14:17:15,5.6,25,B5b;other;worker,0.4
2026-09-12T14:17:36,5.2,25,B5b;other;worker,0.29
2026-09-12T14:17:56,5.5,25,B5b;other;worker,0.21
2026-09-12T14:18:17,5.6,25,B5b;other;worker,0.15
2026-09-12T14:18:37,5.5,22,B5b;other;worker,0.11
2026-09-12T14:18:58,5.8,8,B5b;other;worker,0.08
2026-09-12T14:19:18,5.9,5,B5b;other;worker,0.05
2026-09-12T14:19:38,5.9,5,B5b;other;worker,0.04
2026-09-12T14:19:59,6.2,5,B5b;other;worker,0.03
2026-09-12T14:20:19,5.4,5,B5b;other;worker,0.02
2026-09-12T14:20:40,5.3,5,B5b;other;worker,0.01
2026-09-12T14:21:00,5.8,5,B5b;other;worker,0.01
2026-09-12T14:21:20,5.4,5,B5b;other;worker,0.01
2026-09-12T14:21:41,5.8,5,B5b;other;worker,0.0
2026-09-12T14:22:01,5.5,5,B5b;other;worker,0.0
2026-09-12T14:22:22,5.5,5,B5b;other;worker,0.0
2026-09-12T14:22:42,6.2,5,B5b;other;worker,0.0
2026-09-12T14:23:03,5.5,5,B5b;other;worker,0.0
2026-09-12T14:23:23,5.7,5,B5b;other;worker,0.0
2026-09-12T14:23:43,6.7,5,B5b;other;worker,0.0
2026-09-12T14:24:04,5.3,5,B5b;other;worker,0.0
2026-09-12T14:24:24,5.5,5,B5b;other;worker,0.0
2026-09-12T14:24:45,6.5,5,B5b;other;worker,0.0
2026-09-12T14:25:05,5.2,5,B5b;other;worker,0.0
2026-09-12T14:25:26,5.3,5,B5b;other;worker,0.0
2026-09-12T14:25:46,6.1,5,B5b;other;worker,0.0
2026-09-12T14:26:06,5.8,5,B5b;other;worker,0.0
2026-09-12T14:26:27,5.6,5,B5b;other;worker,0.0
2026-09-12T14:26:47,5.4,5,B5b;other;worker,0.0
2026-09-12T14:27:11,41.9,25,B5b;other;worker,7.01
2026-09-12T14:27:32,9.7,25,B5b;other;worker,11.97
2026-09-12T14:27:52,5.4,25,B5b;other;worker,8.57
2026-09-12T14:28:13,5.3,25,B5b;other;worker,6.14
2026-09-12T14:28:33,6.6,25,B5b;other;worker,4.4
2026-09-12T14:28:54,5.8,25,B5b;other;worker,3.15
2026-09-12T14:29:14,5.4,25,B5b;other;worker,2.08
2026-09-12T14:29:35,6.3,25,B5b;other;worker,1.49
2026-09-12T14:29:55,5.2,25,B5b;other;worker,1.07
2026-09-12T14:30:16,5.7,25,B5b;other;worker,0.77
2026-09-12T14:30:36,5.3,25,B5b;other;worker,0.55
2026-09-12T14:30:56,5.6,25,B5b;other;worker,0.47
2026-09-12T14:31:17,5.7,25,B5b;other;worker,0.34
2026-09-12T14:31:37,6.3,25,B5b;other;worker,0.24
2026-09-12T14:31:58,7.0,25,B5b;other;worker,0.17
2026-09-12T14:32:18,5.8,21,B5b;other;worker,0.12
2026-09-12T14:32:39,5.7,8,B5b;other;worker,0.09
2026-09-12T14:32:59,6.1,6,B5b;other;worker,0.06
2026-09-12T14:33:20,6.5,5,B5b;other;worker,0.04
2026-09-12T14:33:40,5.2,5,B5b;other;worker,0.03
2026-09-12T14:34:01,5.5,5,B5b;other;worker,0.02
2026-09-12T14:34:21,6.0,5,B5b;other;worker,0.02
2026-09-12T14:34:41,5.4,5,B5b;other;worker,0.01
2026-09-12T14:35:02,5.2,5,B5b;other;worker,0.01
2026-09-12T14:35:22,5.9,5,B5b;other;worker,0.01
2026-09-12T14:35:43,5.3,5,B5b;other;worker,0.0
2026-09-12T14:36:03,5.8,5,B5b;other;worker,0.0
2026-09-12T14:36:23,5.6,5,B5b;other;worker,0.0
2026-09-12T14:36:44,5.3,5,B5b;other;worker,0.0
2026-09-12T14:37:04,5.5,5,B5b;other;worker,0.0
2026-09-12T14:37:25,5.5,5,B5b;other;worker,0.0
2026-09-12T14:37:45,5.7,5,B5b;other;worker,0.0
2026-09-12T14:38:06,6.0,5,B5b;other;worker,0.0
2026-09-12T14:38:26,5.4,5,B5b;other;worker,0.0
2026-09-12T14:38:47,5.7,5,B5b;other;worker,0.0
2026-09-12T14:39:07,6.3,5,B5b;other;worker,0.0
2026-09-12T14:39:27,5.4,5,B5b;other;worker,0.0
2026-09-12T14:39:48,5.6,5,B5b;other;worker,0.0
2026-09-12T14:40:08,6.7,5,B5b;other;worker,0.0
2026-09-12T14:40:29,5.3,5,B5b;other;worker,0.0
2026-09-12T14:40:49,5.7,5,B5b;other;worker,0.0
2026-09-12T14:41:10,6.2,5,B5b;other;worker,0.0
2026-09-12T14:41:30,5.6,5,B5b;other;worker,0.0
2026-09-12T14:41:50,5.8,5,B5b;other;worker,0.0
2026-09-12T14:42:11,5.3,5,B5b;other;worker,0.0
2026-09-12T14:42:31,5.6,5,B5b;other;worker,0.0
2026-09-12T14:42:52,6.9,5,B5b;other;worker,0.0
2026-09-12T14:43:12,5.7,5,B5b;other;worker,0.0
2026-09-12T14:43:33,5.4,5,B5b;other;worker,0.0
2026-09-12T14:43:54,100.0,25,B5b;other;worker,0.0
2026-09-12T14:44:16,5.3,25,B5b;other;worker,10.78
2026-09-12T14:44:37,43.1,25,B5b;other;worker,17.43
2026-09-12T14:44:58,45.1,25,B5b;other;worker,16.73
2026-09-12T14:45:19,5.6,25,B5b;other;worker,18.53
2026-09-12T14:45:40,41.5,25,B5b;other;worker,21.74
2026-09-12T14:46:01,44.4,25,B5b;other;worker,23.7
2026-09-12T14:46:22,5.1,25,B5b;other;worker,22.33
2026-09-12T14:46:43,41.9,25,B5b;other;worker,27.74
2026-09-12T14:47:04,41.7,25,B5b;other;worker,25.69
2026-09-12T14:47:25,19.4,25,B5b;other;worker,24.14
2026-09-12T14:47:46,24.5,25,B5b;other;worker,28.15
2026-09-12T14:48:06,5.4,25,B5b;other;worker,18.56
2026-09-12T14:48:26,5.2,25,B5b;other;worker,13.3
2026-09-12T14:48:47,6.3,25,B5b;other;worker,9.53
2026-09-12T14:49:07,5.2,25,B5b;other;worker,6.83
2026-09-12T14:49:28,5.6,25,B5b;other;worker,4.89
2026-09-12T14:49:48,6.5,24,B5b;other;worker,3.5
2026-09-12T14:50:09,5.4,23,B5b;other;worker,2.51
2026-09-12T14:50:29,5.8,20,B5b;other;worker,1.8
2026-09-12T14:50:50,7.7,19,B5b;other;worker,1.29
2026-09-12T14:51:10,5.7,17,B5b;other;worker,0.92
2026-09-12T14:51:31,5.8,14,B5b;other;worker,0.66
2026-09-12T14:51:51,5.4,13,B5b;other;worker,0.44
2026-09-12T14:52:12,5.8,11,B5b;other;worker,0.31
2026-09-12T14:52:32,6.6,8,B5b;other;worker,0.22
2026-09-12T14:52:53,5.8,6,B5b;other;worker,0.16
2026-09-12T14:53:13,5.6,5,B5b;other;worker,0.12
2026-09-12T14:53:34,7.6,5,B5b;other;worker,0.08
2026-09-12T14:53:54,5.7,5,B5b;other;worker,0.06
2026-09-12T14:54:14,5.5,5,B5b;other;worker,0.04
2026-09-12T14:54:35,6.9,5,B5b;other;worker,0.03
2026-09-12T14:54:55,5.6,5,B5b;other;worker,0.02
2026-09-12T14:55:16,5.4,5,B5b;other;worker,0.02
2026-09-12T14:55:36,7.1,5,B5b;other;worker,0.01
2026-09-12T14:55:57,5.4,5,B5b;other;worker,0.01
2026-09-12T14:56:17,5.8,5,B5b;other;worker,0.01
2026-09-12T14:56:38,5.8,5,B5b;other;worker,0.0
2026-09-12T14:56:58,5.6,5,B5b;other;worker,0.0
2026-09-12T14:57:18,6.4,5,B5b;other;worker,0.0
2026-09-12T14:57:39,5.8,5,B5b;other;worker,0.0
2026-09-12T14:57:59,5.7,5,B5b;other;worker,0.0
2026-09-12T14:58:20,6.7,5,B5b;other;worker,0.0
2026-09-12T14:58:40,5.5,5,B5b;other;worker,0.0
2026-09-12T14:59:01,5.8,5,B5b;other;worker,0.0
2026-09-12T14:59:21,6.5,5,B5b;other;worker,0.0
2026-09-12T14:59:42,5.4,5,B5b;other;worker,0.0
2026-09-12T15:00:02,5.9,5,B5b;other;worker,0.0
2026-09-12T15:00:22,6.3,5,B5b;other;worker,0.0
2026-09-12T15:00:43,5.5,5,B5b;other;worker,0.0
2026-09-12T15:01:03,5.9,5,B5b;other;worker,0.0
2026-09-12T15:01:24,5.8,5,B5b;other;worker,0.0
2026-09-12T15:01:44,5.6,5,B5b;other;worker,0.0
2026-09-12T15:02:05,6.2,5,B5b;other;worker,0.0
2026-09-12T15:02:25,5.7,5,B5b;other;worker,0.0
2026-09-12T15:02:45,5.9,5,B5b;other;worker,0.0
2026-09-12T15:03:06,6.2,5,B5b;other;worker,0.0
2026-09-12T15:03:26,5.9,5,B5b;other;worker,0.0
2026-09-12T15:03:47,5.9,5,B5b;other;worker,0.0
2026-09-12T15:04:07,6.8,5,B5b;other;worker,0.0
2026-09-12T15:04:28,5.5,5,B5b;other;worker,0.0
2026-09-12T15:04:48,5.5,5,B5b;other;worker,0.0
2026-09-12T15:05:09,6.7,5,B5b;other;worker,0.0
2026-09-12T15:05:29,5.3,5,B5b;other;worker,0.0
2026-09-12T15:05:49,5.8,5,B5b;other;worker,0.0
2026-09-12T15:06:10,6.6,5,B5b;other;worker,0.0
2026-09-12T15:06:30,5.6,5,B5b;other;worker,0.0
2026-09-12T15:06:51,5.8,5,B5b;other;worker,0.0
2026-09-12T15:07:11,5.9,5,B5b;other;worker,0.06
2026-09-12T15:07:32,6.0,5,B5b;other;worker,0.04
2026-09-12T15:07:52,5.9,5,B5b;other;worker,0.03
2026-09-12T15:08:13,5.9,5,B5b;other;worker,0.02
2026-09-12T15:08:33,5.5,5,B5b;other;worker,0.02
2026-09-12T15:08:54,5.3,5,B5b;other;worker,0.01
2026-09-12T15:09:14,6.0,5,B5b;other;worker,0.01
2026-09-12T15:09:34,5.3,5,B5b;other;worker,0.01
2026-09-12T15:09:55,6.0,5,B5b;other;worker,0.0
2026-09-12T15:10:15,5.7,5,B5b;other;worker,0.0
2026-09-12T15:10:36,5.9,5,B5b;other;worker,0.0
2026-09-12T15:10:56,6.1,5,B5b;other;worker,0.0
2026-09-12T15:11:17,5.5,5,B5b;other;worker,0.0
2026-09-12T15:11:37,5.5,5,B5b;other;worker,0.0
2026-09-12T15:11:58,5.8,5,B5b;other;worker,0.0
2026-09-12T15:12:18,5.3,5,B5b;other;worker,0.0
2026-09-12T15:12:39,5.4,5,B5b;other;worker,0.0
2026-09-12T15:12:59,6.0,5,B5b;other;worker,0.0
2026-09-12T15:13:19,5.2,5,B5b;other;worker,0.0
2026-09-12T15:13:40,5.6,5,B5b;other;worker,0.0
2026-09-12T15:14:00,5.7,5,B5b;other;worker,0.0
2026-09-12T15:14:21,5.4,5,B5b;other;worker,0.0
2026-09-12T15:14:41,5.7,5,B5b;other;worker,0.0
2026-09-12T15:15:02,5.6,5,B5b;other;worker,0.0
2026-09-12T15:15:22,5.6,5,B5b;other;worker,0.0
2026-09-12T15:15:43,6.1,5,B5b;other;worker,0.0
2026-09-12T15:16:03,5.2,5,B5b;other;worker,0.0
2026-09-12T15:16:24,5.4,5,B5b;other;worker,0.0
2026-09-12T15:16:44,5.9,5,B5b;other;worker,0.0
2026-09-12T15:17:04,5.5,5,B5b;other;worker,0.0
2026-09-12T15:17:25,11.0,5,B5b;other;worker,0.0
2026-09-12T15:17:45,5.3,5,B5b;other;worker,0.0
2026-09-12T15:18:06,5.2,5,B5b;other;worker,0.0
2026-09-12T15:18:26,5.2,5,B5b;other;worker,0.0
2026-09-12T15:18:46,5.3,5,B5b;other;worker,0.0
2026-09-12T15:19:08,42.7,25,B5b;other;worker,3.12
2026-09-12T15:19:28,6.3,25,B5b;other;worker,10.1
2026-09-12T15:19:50,41.5,25,B5b;other;worker,19.21
2026-09-12T15:20:11,43.5,25,B5b;other;worker,20.07
2026-09-12T15:20:31,5.3,3,B6;other,18.8
2026-09-12T15:20:52,1.4,1,other,13.47
2026-09-12T15:21:12,2.2,1,other,9.65
2026-09-12T15:21:32,6.5,3,B2;other,6.92
2026-09-12T15:21:53,6.8,3,B2;other,4.96
2026-09-12T15:22:13,42.1,3,B2;other,4.63
2026-09-12T15:22:34,41.4,3,B2;other,9.75
2026-09-12T15:22:54,42.2,3,B2;other,13.44
2026-09-12T15:23:15,6.6,25,B2;other;worker,11.06
2026-09-12T15:23:35,7.1,25,B2;other;worker,7.93
2026-09-12T15:23:55,6.8,25,B2;other;worker,5.68
2026-09-12T15:24:16,42.1,25,B2;other;worker,7.47
2026-09-12T15:24:36,43.0,25,B2;other;worker,10.92
2026-09-12T15:24:57,5.6,25,B2;other;worker,12.27
2026-09-12T15:25:17,16.4,25,B2;other;worker,8.79
2026-09-12T15:25:38,20.7,25,B2;other;worker,6.3
2026-09-12T15:25:58,41.1,25,B2;other;worker,4.75
2026-09-12T15:26:19,41.0,25,B2;other;worker,10.07
2026-09-12T15:26:39,41.0,25,B2;other;worker,13.7
2026-09-12T15:27:00,41.3,25,B2;other;worker,16.73
2026-09-12T15:27:20,41.2,25,B2;other;worker,18.91
2026-09-12T15:27:40,42.1,25,B2;other;worker,20.85
2026-09-12T15:28:01,43.0,25,B2;other;worker,22.65
2026-09-12T15:28:21,41.3,8,B2;other;worker,25.56
2026-09-12T15:28:42,41.0,8,B2;other;worker,26.73
2026-09-12T15:29:02,41.9,8,B2;other;worker,27.51
2026-09-12T15:29:23,41.5,8,B2;other;worker,27.77
2026-09-12T15:29:43,41.2,8,B2;other;worker,27.72
2026-09-12T15:30:03,42.3,5,B2;other;worker,27.89
2026-09-12T15:30:24,41.2,5,B2;other;worker,28.03
2026-09-12T15:30:44,41.3,5,B2;other;worker,29.82
2026-09-12T15:31:05,41.4,5,B2;other;worker,30.04
2026-09-12T15:31:25,12.7,25,B2;other;worker,21.84
2026-09-12T15:31:46,14.9,25,B2;other;worker,15.71
2026-09-12T15:32:06,12.6,25,B2;other;worker,11.26
2026-09-12T15:32:27,42.3,25,B2;other;worker,13.57
2026-09-12T15:32:47,42.1,25,B2;other;worker,15.48
2026-09-12T15:33:08,41.4,25,B2;other;worker,18.1
2026-09-12T15:33:28,42.2,25,B2;other;worker,19.76
2026-09-12T15:33:48,42.1,25,B2;other;worker,20.54
2026-09-12T15:34:09,42.4,25,B2;other;worker,21.6
2026-09-12T15:34:29,42.0,25,B2;other;worker,22.56
2026-09-12T15:34:50,42.4,25,B2;other;worker,23.17
2026-09-12T15:35:10,41.6,25,B2;other;worker,23.7
2026-09-12T15:35:30,41.2,25,B2;other;worker,24.9
2026-09-12T15:35:51,5.5,25,B2;other;worker,18.09
2026-09-12T15:36:11,5.4,25,B2;other;worker,12.96
2026-09-12T15:36:32,6.1,19,B2;other;worker,9.29
2026-09-12T15:36:52,6.6,11,B2;other;worker,6.66
2026-09-12T15:37:13,5.5,11,B2;other;worker,4.77
2026-09-12T15:37:33,5.5,11,B2;other;worker,3.42
2026-09-12T15:37:54,5.3,11,B2;other;worker,2.45
2026-09-12T15:38:14,5.4,11,B2;other;worker,1.75
2026-09-12T15:38:35,6.1,11,B2;other;worker,1.26
2026-09-12T15:38:55,5.8,11,B2;other;worker,0.83
2026-09-12T15:39:15,5.4,11,B2;other;worker,0.59
2026-09-12T15:39:36,6.0,11,B2;other;worker,0.43
2026-09-12T15:39:56,5.8,11,B2;other;worker,0.3
2026-09-12T15:40:17,5.1,11,B2;other;worker,0.22
2026-09-12T15:40:37,6.7,11,B2;other;worker,0.16
2026-09-12T15:40:58,5.8,7,B2;other;worker,0.11
2026-09-12T15:41:18,10.4,25,B2;other;worker,0.08
2026-09-12T15:41:39,6.7,25,B2;other;worker,0.06
2026-09-12T15:41:59,5.3,25,B2;other;worker,0.04
2026-09-12T15:42:20,5.4,25,B2;other;worker,0.03
2026-09-12T15:42:40,5.8,25,B2;other;worker,0.02
2026-09-12T15:43:00,6.1,25,B2;other;worker,0.01
2026-09-12T15:43:21,5.2,25,B2;other;worker,0.01
2026-09-12T15:43:41,6.5,25,B2;other;worker,0.01
2026-09-12T15:44:02,5.5,25,B2;other;worker,0.01
2026-09-12T15:44:22,5.9,25,B2;other;worker,0.0
2026-09-12T15:44:43,5.4,25,B2;other;worker,0.0
2026-09-12T15:45:03,5.6,25,B2;other;worker,0.0
2026-09-12T15:45:24,6.0,25,B2;other;worker,0.0
2026-09-12T15:45:44,5.5,25,B2;other;worker,0.0
2026-09-12T15:46:05,5.5,25,B2;other;worker,0.0
2026-09-12T15:46:25,5.9,24,B2;other;worker,0.0
2026-09-12T15:46:45,5.7,5,B2;other;worker,0.0
2026-09-12T15:47:06,5.9,5,B2;other;worker,0.0
2026-09-12T15:47:26,6.4,25,B2;other;worker,0.81
2026-09-12T15:47:47,5.2,25,B2;other;worker,0.58
2026-09-12T15:48:07,6.2,25,B2;other;worker,0.42
2026-09-12T15:48:28,5.3,25,B2;other;worker,0.3
2026-09-12T15:48:48,5.4,25,B2;other;worker,0.21
2026-09-12T15:49:09,5.9,25,B2;other;worker,0.15
2026-09-12T15:49:29,5.4,25,B2;other;worker,0.11
2026-09-12T15:49:49,5.8,25,B2;other;worker,0.08
2026-09-12T15:50:10,6.1,25,B2;other;worker,0.06
2026-09-12T15:50:30,5.8,25,B2;other;worker,0.04
2026-09-12T15:50:51,5.4,25,B2;other;worker,0.03
2026-09-12T15:51:11,6.1,25,B2;other;worker,0.02
2026-09-12T15:51:32,5.7,25,B2;other;worker,0.01
2026-09-12T15:51:52,5.6,25,B2;other;worker,0.01
2026-09-12T15:52:13,5.7,25,B2;other;worker,0.01
2026-09-12T15:52:33,5.6,21,B2;other;worker,0.01
2026-09-12T15:52:53,5.7,5,B2;other;worker,0.0
2026-09-12T15:53:14,5.2,5,B2;other;worker,0.0
2026-09-12T15:53:34,5.6,25,B2;other;worker,0.96
2026-09-12T15:53:55,6.0,25,B2;other;worker,0.69
2026-09-12T15:54:15,5.3,25,B2;other;worker,0.49
2026-09-12T15:54:36,5.5,25,B2;other;worker,0.35
2026-09-12T15:54:56,6.0,25,B2;other;worker,0.23
2026-09-12T15:55:17,5.6,25,B2;other;worker,0.17
2026-09-12T15:55:37,5.3,25,B2;other;worker,0.12
2026-09-12T15:55:58,6.2,25,B2;other;worker,0.09
2026-09-12T15:56:18,5.7,25,B2;other;worker,0.06
2026-09-12T15:56:38,5.4,25,B2;other;worker,0.04
2026-09-12T15:56:59,5.9,25,B2;other;worker,0.03
2026-09-12T15:57:19,5.5,25,B2;other;worker,0.02
2026-09-12T15:57:40,5.9,25,B2;other;worker,0.02
2026-09-12T15:58:00,5.9,25,B2;other;worker,0.01
2026-09-12T15:58:21,5.4,25,B2;other;worker,0.01
2026-09-12T15:58:41,5.9,22,B2;other;worker,0.01
2026-09-12T15:59:01,9.5,8,B2;other;worker,0.0
2026-09-12T15:59:22,5.7,5,B2;other;worker,0.0
2026-09-12T15:59:42,5.9,5,B2;other;worker,0.0
2026-09-12T16:00:03,5.6,25,B2;other;worker,0.0
2026-09-12T16:00:23,5.8,25,B2;other;worker,0.0
2026-09-12T16:00:44,6.3,25,B2;other;worker,0.0
2026-09-12T16:01:04,5.4,25,B2;other;worker,0.0
2026-09-12T16:01:24,5.5,25,B2;other;worker,0.0
2026-09-12T16:01:45,6.0,25,B2;other;worker,0.08
2026-09-12T16:02:05,5.6,25,B2;other;worker,0.06
2026-09-12T16:02:26,5.5,25,B2;other;worker,0.04
2026-09-12T16:02:46,6.0,25,B2;other;worker,0.03
2026-09-12T16:03:07,5.9,25,B2;other;worker,0.02
2026-09-12T16:03:27,5.8,25,B2;other;worker,0.01
2026-09-12T16:03:48,5.6,25,B2;other;worker,0.01
2026-09-12T16:04:08,5.7,25,B2;other;worker,0.01
2026-09-12T16:04:28,6.3,25,B2;other;worker,0.01
2026-09-12T16:04:49,5.2,25,B2;other;worker,0.67
2026-09-12T16:05:09,6.0,20,B2;other;worker,0.48
2026-09-12T16:05:30,6.3,5,B2;other;worker,0.34
2026-09-12T16:05:50,5.4,5,B2;other;worker,0.24
2026-09-12T16:06:11,5.9,5,B2;other;worker,0.18
2026-09-12T16:06:31,6.2,5,B2;other;worker,0.13
2026-09-12T16:06:51,6.1,1,other,0.09
2026-09-12T16:07:12,1.7,1,other,0.06
2026-09-12T16:07:32,2.1,1,other,0.04
2026-09-12T16:07:53,2.5,1,other,0.03
2026-09-12T16:08:13,2.1,1,other,0.02
2026-09-12T16:08:33,1.8,1,other,0.02
2026-09-12T16:08:54,1.9,1,other,0.01
2026-09-12T16:09:14,2.4,1,other,0.01
2026-09-12T16:09:35,1.5,1,other,0.01
2026-09-12T16:09:55,0.8,1,other,0.0
2026-09-12T16:10:15,1.7,1,other,0.0
2026-09-12T16:10:36,2.0,1,other,0.0
2026-09-12T16:10:56,1.7,1,other,0.0
2026-09-12T16:11:17,1.9,1,other,0.0
2026-09-12T16:11:37,1.8,1,other,0.0
2026-09-12T16:11:57,1.7,1,other,0.0
2026-09-12T16:12:18,2.0,1,other,0.0
2026-09-12T16:12:38,1.4,1,other,0.0
2026-09-12T16:12:59,3.2,1,other,0.0
2026-09-12T16:13:19,1.3,1,other,0.0
2026-09-12T16:13:39,2.0,1,other,0.0
2026-09-12T16:14:00,1.9,1,other,0.0
2026-09-12T16:14:20,1.7,1,other,0.0
2026-09-12T16:14:41,1.4,1,other,0.0
2026-09-12T16:15:01,1.4,1,other,0.0
2026-09-12T16:15:21,1.9,1,other,0.0
2026-09-12T16:15:42,0.9,1,other,0.0
2026-09-12T16:16:02,2.5,1,other,0.0
2026-09-12T16:16:22,1.9,1,other,0.0
2026-09-12T16:16:43,1.5,1,other,0.0
2026-09-12T16:17:03,0.9,1,other,0.0
2026-09-12T16:17:24,2.1,1,other,0.0
2026-09-12T16:17:44,2.3,1,other,0.0
2026-09-12T16:18:04,3.0,1,other,0.0
2026-09-12T16:18:25,2.2,1,other,0.0
2026-09-12T16:18:45,1.0,1,other,0.0
2026-09-12T16:19:06,1.5,1,other,0.0
2026-09-12T16:19:26,1.8,1,other,0.0
2026-09-12T16:19:46,2.4,1,other,0.0
2026-09-12T16:20:07,1.8,1,other,0.0
2026-09-12T16:20:27,1.2,1,other,0.0
2026-09-12T16:20:48,2.4,1,other,0.0
2026-09-12T16:21:08,4.2,1,other,0.0
2026-09-12T16:21:28,1.9,1,other,0.0
2026-09-12T16:21:49,2.6,1,other,0.0
2026-09-12T16:22:09,2.3,1,other,0.0
2026-09-12T16:22:30,2.1,1,other,0.0
2026-09-12T16:22:50,0.8,1,other,0.0
2026-09-12T16:23:10,1.6,1,other,0.0
2026-09-12T16:23:31,1.9,1,other,0.0
2026-09-12T16:23:51,3.3,1,other,0.0
2026-09-12T16:24:11,2.3,1,other,0.0
2026-09-12T16:24:32,1.2,1,other,0.0
2026-09-12T16:24:52,2.1,1,other,0.0
2026-09-12T16:25:13,1.9,1,other,0.0
2026-09-12T16:25:33,1.5,1,other,0.0
2026-09-12T16:25:53,1.5,1,other,0.0
2026-09-12T16:26:14,1.3,1,other,0.0
2026-09-12T16:26:34,1.8,1,other,0.0
2026-09-12T16:26:55,1.7,1,other,0.0
2026-09-12T16:27:15,1.2,1,other,0.0
2026-09-12T16:27:35,1.8,1,other,0.0
2026-09-12T16:27:56,2.3,1,other,0.0
2026-09-12T16:28:16,1.5,1,other,0.0
2026-09-12T16:28:37,2.0,1,other,0.0
2026-09-12T16:28:57,1.6,1,other,0.0
2026-09-12T16:29:17,2.1,1,other,0.0
2026-09-12T16:29:38,1.3,1,other,0.0
2026-09-12T16:29:58,3.3,1,other,0.0
2026-09-12T16:30:19,2.4,1,other,0.0
2026-09-12T16:30:39,2.0,1,other,0.0
2026-09-12T16:30:59,1.5,1,other,0.0
2026-09-12T16:31:20,1.6,1,other,0.0
2026-09-12T16:31:40,2.0,1,other,0.0
2026-09-12T16:32:01,1.1,1,other,0.0
2026-09-12T16:32:21,1.5,1,other,0.0
2026-09-12T16:32:41,2.0,1,other,0.0
2026-09-12T16:33:02,2.0,1,other,0.0
2026-09-12T16:33:22,1.5,1,other,0.0
2026-09-12T16:33:42,1.8,1,other,0.0
2026-09-12T16:34:03,1.4,1,other,0.0
2026-09-12T16:34:23,1.6,1,other,0.0
2026-09-12T16:34:44,1.5,1,other,0.0
2026-09-12T16:35:04,1.5,1,other,0.0
2026-09-12T16:35:24,1.8,1,other,0.0
2026-09-12T16:35:45,1.5,1,other,0.0
2026-09-12T16:36:05,1.0,1,other,0.0
2026-09-12T16:36:26,2.4,1,other,0.0
2026-09-12T16:36:46,1.1,1,other,0.0
2026-09-12T16:37:06,1.5,1,other,0.0
2026-09-12T16:37:27,2.8,1,other,0.0
2026-09-12T16:37:47,2.1,1,other,0.0
2026-09-12T16:38:07,1.4,1,other,0.0
2026-09-12T16:38:28,1.9,1,other,0.0
2026-09-12T16:38:48,1.2,1,other,0.0
2026-09-12T16:39:09,1.4,1,other,0.0
2026-09-12T16:39:29,2.0,1,other,0.0
2026-09-12T16:39:49,1.6,1,other,0.0
2026-09-12T16:40:10,0.8,1,other,0.0
2026-09-12T16:40:30,2.1,1,other,0.0
2026-09-12T16:40:51,2.9,1,other,0.0
2026-09-12T16:41:11,3.3,1,other,0.0
2026-09-12T16:41:31,1.7,1,other,0.0
2026-09-12T16:41:52,1.7,1,other,0.0
2026-09-12T16:42:12,1.9,1,other,0.0
2026-09-12T16:42:33,2.0,1,other,0.0
2026-09-12T16:42:53,2.5,1,other,0.0
2026-09-12T16:43:13,2.1,1,other,0.0
2026-09-12T16:43:34,1.1,1,other,0.0
2026-09-12T16:43:54,2.1,1,other,0.0
2026-09-12T16:44:15,1.4,1,other,0.0
2026-09-12T16:44:35,1.1,1,other,0.08
2026-09-12T16:44:55,1.2,1,other,0.06
2026-09-12T16:45:16,2.3,1,other,0.04
2026-09-12T16:45:36,1.5,1,other,0.03
2026-09-12T16:45:56,1.9,1,other,0.02
2026-09-12T16:46:17,2.1,1,other,0.02
2026-09-12T16:46:37,1.4,1,other,0.01
2026-09-12T16:46:58,3.0,1,other,0.01
2026-09-12T16:47:18,1.8,1,other,0.01
2026-09-12T16:47:38,1.1,1,other,0.0
2026-09-12T16:47:59,2.0,1,other,0.0
2026-09-12T16:48:19,1.8,1,other,0.0
2026-09-12T16:48:40,1.7,1,other,0.0
2026-09-12T16:49:00,2.9,1,other,0.0
2026-09-12T16:49:20,1.6,1,other,0.0
2026-09-12T16:49:41,1.7,1,other,0.0
2026-09-12T16:50:01,1.9,1,other,0.0
2026-09-12T16:50:22,0.8,1,other,0.0
2026-09-12T16:50:42,2.1,1,other,0.0
2026-09-12T16:51:02,1.6,1,other,0.0
2026-09-12T16:51:23,2.1,1,other,0.0
2026-09-12T16:51:43,2.4,1,other,0.0
2026-09-12T16:52:04,1.3,1,other,0.0
2026-09-12T16:52:24,1.4,1,other,0.0
2026-09-12T16:52:44,2.2,1,other,0.0
2026-09-12T16:53:05,1.0,1,other,0.0
2026-09-12T16:53:25,1.7,1,other,0.0
2026-09-12T16:53:46,1.3,1,other,0.0
2026-09-12T16:54:06,2.1,1,other,0.0
2026-09-12T16:54:26,1.4,1,other,0.0
2026-09-12T16:54:47,2.0,1,other,0.0
2026-09-12T16:55:07,1.3,1,other,0.0
2026-09-12T16:55:28,1.6,1,other,0.0
2026-09-12T16:55:48,6.8,1,other,0.0
2026-09-12T16:56:09,10.4,1,other,0.0
2026-09-12T16:56:29,1.4,1,other,0.96
2026-09-12T16:56:49,2.0,1,other,0.63
2026-09-12T16:57:10,1.2,1,other,0.45
2026-09-12T16:57:30,2.2,1,other,0.32
2026-09-12T16:57:51,2.3,1,other,0.23
2026-09-12T16:58:11,4.3,1,other,0.17
2026-09-12T16:58:32,1.5,1,other,0.12
2026-09-12T16:58:52,4.4,1,other,0.09
2026-09-12T16:59:12,3.7,1,other,0.06
2026-09-12T16:59:33,2.1,1,other,0.04
2026-09-12T16:59:53,8.1,1,other,0.03
2026-09-12T17:00:14,2.4,1,other,0.02
2026-09-12T17:00:34,2.1,1,other,0.02
2026-09-12T17:00:55,4.3,1,other,0.01
2026-09-12T17:01:15,8.5,1,other,0.01
2026-09-12T17:01:36,9.0,1,other,0.01
2026-09-12T17:01:56,2.9,1,other,0.0
2026-09-12T17:02:16,2.8,1,other,0.0
2026-09-12T17:02:37,2.8,1,other,0.0
2026-09-12T17:02:57,1.3,1,other,0.0
2026-09-12T17:03:18,4.8,1,other,0.0
2026-09-12T17:03:38,6.2,3,B6;other,0.0
2026-09-12T17:03:59,3.9,1,other,0.0
2026-09-12T17:04:19,4.8,1,other,0.0
2026-09-12T17:04:40,2.3,1,other,0.0
2026-09-12T17:05:00,4.3,1,other,0.07
2026-09-12T17:05:20,1.8,1,other,0.05
2026-09-12T17:05:41,2.4,1,other,0.04
2026-09-12T17:06:01,4.9,1,other,0.03
2026-09-12T17:06:22,1.7,1,other,0.02
2026-09-12T17:06:42,1.3,1,other,0.01
2026-09-12T17:07:03,5.0,1,other,0.01
2026-09-12T17:07:23,2.6,1,other,0.01
2026-09-12T17:07:43,2.1,1,other,0.01
2026-09-12T17:08:04,1.9,1,other,0.0
2026-09-12T17:08:24,8.5,1,other,0.0
2026-09-12T17:08:45,1.3,1,other,0.0
2026-09-12T17:09:05,2.4,1,other,0.0
2026-09-12T17:09:25,3.2,1,other,0.0
2026-09-12T17:09:46,6.1,1,other,0.0
2026-09-12T17:10:06,2.6,1,other,0.0
2026-09-12T17:10:27,1.8,1,other,0.0
2026-09-12T17:10:47,1.5,1,other,0.0
2026-09-12T17:11:07,1.6,1,other,0.0
2026-09-12T17:11:28,2.5,1,other,0.0
2026-09-12T17:11:48,1.7,1,other,0.0
2026-09-12T17:12:09,1.1,1,other,0.0
2026-09-12T17:12:29,1.6,1,other,0.0
2026-09-12T17:12:49,2.8,1,other,0.0
2026-09-12T17:13:10,1.2,1,other,0.0
2026-09-12T17:13:30,1.3,1,other,0.0
2026-09-12T17:13:51,2.6,1,other,0.0
2026-09-12T17:14:11,1.7,1,other,0.0
2026-09-12T17:14:31,2.4,1,other,0.0
2026-09-12T17:14:52,1.8,1,other,0.0
2026-09-12T17:15:12,1.4,1,other,0.0
2026-09-12T17:15:33,2.4,1,other,0.0
2026-09-12T17:15:53,1.7,1,other,0.0
2026-09-12T17:16:13,1.7,1,other,0.0
2026-09-12T17:16:34,1.3,1,other,0.0
2026-09-12T17:16:54,2.6,1,other,0.0
2026-09-12T17:17:15,1.9,1,other,0.0
2026-09-12T17:17:35,2.1,1,other,0.0
2026-09-12T17:17:55,1.1,1,other,0.06
2026-09-12T17:18:16,2.4,1,other,0.04
2026-09-12T17:18:36,2.0,1,other,0.03
2026-09-12T17:18:57,1.9,1,other,0.02
2026-09-12T17:19:17,2.2,1,other,0.02
2026-09-12T17:19:37,2.9,1,other,0.01
2026-09-12T17:19:58,1.6,1,other,0.01
2026-09-12T17:20:18,1.3,1,other,0.01
2026-09-12T17:20:39,2.7,1,other,0.0
2026-09-12T17:20:59,2.0,1,other,0.0
2026-09-12T17:21:19,2.0,1,other,0.0
2026-09-12T17:21:40,1.7,1,other,0.0
2026-09-12T17:22:00,1.5,1,other,0.0
2026-09-12T17:22:21,2.3,1,other,0.0
2026-09-12T17:22:41,1.8,1,other,0.0
2026-09-12T17:23:01,1.8,1,other,0.0
2026-09-12T17:23:22,2.3,1,other,0.0
2026-09-12T17:23:42,2.3,1,other,0.0
2026-09-12T17:24:03,1.5,1,other,0.0
2026-09-12T17:24:23,2.7,1,other,0.0
2026-09-12T17:24:43,1.5,1,other,0.0
2026-09-12T17:25:04,1.5,1,other,0.0
2026-09-12T17:25:24,2.1,1,other,0.0
2026-09-12T17:25:45,1.0,1,other,0.0
2026-09-12T17:26:05,2.2,1,other,0.0
2026-09-12T17:26:25,1.9,1,other,0.0
2026-09-12T17:26:46,1.2,1,other,0.0
2026-09-12T17:27:06,1.4,1,other,0.0
2026-09-12T17:27:27,2.2,1,other,0.0
2026-09-12T17:27:47,0.9,1,other,0.0
2026-09-12T17:28:07,2.1,1,other,0.0
2026-09-12T17:28:28,1.7,1,other,0.0
2026-09-12T17:28:48,1.4,1,other,0.0
2026-09-12T17:29:09,2.9,1,other,0.0
2026-09-12T17:29:29,2.1,1,other,0.0
2026-09-12T17:29:49,0.7,1,other,0.0
2026-09-12T17:30:10,2.6,1,other,0.0
2026-09-12T17:30:30,1.6,1,other,0.0
2026-09-12T17:30:51,1.6,1,other,0.0
2026-09-12T17:31:11,2.2,1,other,0.0
2026-09-12T17:31:31,1.5,1,other,0.0
2026-09-12T17:31:52,2.6,1,other,0.0
2026-09-12T17:32:12,2.3,1,other,0.0
2026-09-12T17:32:33,1.1,1,other,0.0
2026-09-12T17:32:53,2.1,1,other,0.0
2026-09-12T17:33:13,1.6,1,other,0.0
2026-09-12T17:33:34,1.3,1,other,0.0
2026-09-12T17:33:54,1.3,1,other,0.0
2026-09-12T17:34:15,1.1,1,other,0.0
2026-09-12T17:34:35,2.0,1,other,0.0
2026-09-12T17:34:56,1.4,1,other,0.0
2026-09-12T17:35:16,2.1,1,other,0.0
2026-09-12T17:35:36,2.0,1,other,0.0
2026-09-12T17:35:57,2.0,1,other,0.0
2026-09-12T17:36:17,1.7,1,other,0.0
2026-09-12T17:36:37,1.3,1,other,0.08
2026-09-12T17:36:58,1.9,1,other,0.06
2026-09-12T17:37:18,1.5,1,other,0.04
2026-09-12T17:37:39,5.0,1,other,0.03
2026-09-12T17:37:59,2.3,1,other,0.02
2026-09-12T17:38:20,1.0,1,other,0.02
2026-09-12T17:38:40,1.7,1,other,0.01
2026-09-12T17:39:00,2.1,1,other,0.01
2026-09-12T17:39:21,2.5,1,other,0.01
2026-09-12T17:39:41,2.2,1,other,0.0
2026-09-12T17:40:02,1.7,1,other,0.0
2026-09-12T17:40:22,1.9,1,other,0.0
2026-09-12T17:40:42,2.3,1,other,0.0
2026-09-12T17:41:03,1.3,1,other,0.0
2026-09-12T17:41:23,1.7,1,other,0.0
2026-09-12T17:41:44,2.4,1,other,0.0
2026-09-12T17:42:04,2.7,1,other,0.0
2026-09-12T17:42:24,1.4,1,other,0.0
2026-09-12T17:42:45,1.6,1,other,0.0
2026-09-12T17:43:05,1.5,1,other,0.0
2026-09-12T17:43:26,1.8,1,other,0.0
2026-09-12T17:43:46,1.8,1,other,0.0
2026-09-12T17:44:06,3.3,1,other,0.0
2026-09-12T17:44:27,1.7,1,other,0.0
2026-09-12T17:44:47,2.1,1,other,0.0
2026-09-12T17:45:08,1.2,1,other,0.0
2026-09-12T17:45:28,3.0,1,other,0.0
2026-09-12T17:45:48,1.4,1,other,0.0
2026-09-12T17:46:09,1.4,1,other,0.0
2026-09-12T17:46:29,2.1,1,other,0.0
2026-09-12T17:46:50,1.3,1,other,0.0
2026-09-12T17:47:10,1.9,1,other,0.0
2026-09-12T17:47:30,1.7,1,other,0.0
2026-09-12T17:47:51,1.4,1,other,0.0
2026-09-12T17:48:11,2.3,1,other,0.0
2026-09-12T17:48:32,2.1,1,other,0.0
2026-09-12T17:48:52,2.6,1,other,0.0
2026-09-12T17:49:12,2.0,1,other,0.0
2026-09-12T17:49:33,1.5,1,other,0.0
2026-09-12T17:49:53,2.3,1,other,0.0
2026-09-12T17:50:14,1.8,1,other,0.0
2026-09-12T17:50:34,1.2,1,other,0.0
2026-09-12T17:50:54,1.1,1,other,0.0
2026-09-12T17:51:15,2.8,1,other,0.0
2026-09-12T17:51:35,2.8,1,other,0.0
2026-09-12T17:51:56,2.5,1,other,0.0
2026-09-12T17:52:16,3.1,1,other,0.0
2026-09-12T17:52:36,2.7,1,other,0.0
2026-09-12T17:52:57,1.7,1,other,0.0
2026-09-12T17:53:17,2.2,1,other,0.0
2026-09-12T17:53:38,1.5,1,other,0.0
2026-09-12T17:53:58,1.5,1,other,0.0
2026-09-12T17:54:19,1.4,1,other,0.0
2026-09-12T17:54:39,1.7,1,other,0.0
2026-09-12T17:54:59,1.8,1,other,0.0
2026-09-12T17:55:20,1.9,1,other,0.0
2026-09-12T17:55:40,1.4,1,other,0.0
2026-09-12T17:56:01,2.1,1,other,0.0
2026-09-12T17:56:21,5.4,1,other,0.0
2026-09-12T17:56:41,7.4,1,other,0.0
2026-09-12T17:57:02,4.7,1,other,0.0
2026-09-12T17:57:22,4.7,1,other,0.0
2026-09-12T17:57:43,1.4,1,other,0.0
2026-09-12T17:58:03,1.7,1,other,0.0
2026-09-12T17:58:24,3.9,1,other,0.0
2026-09-12T17:58:44,3.3,1,other,0.0
2026-09-12T17:59:04,1.8,1,other,0.0
2026-09-12T17:59:25,3.1,1,other,0.0
2026-09-12T17:59:45,1.8,1,other,0.0
2026-09-12T18:00:06,2.5,1,other,0.0
2026-09-12T18:00:26,3.8,1,other,0.0
2026-09-12T18:00:47,3.6,1,other,0.0
2026-09-12T18:01:07,1.6,1,other,0.0
2026-09-12T18:01:27,2.4,1,other,0.0
2026-09-12T18:01:48,3.7,1,other,0.0
2026-09-12T18:02:08,5.8,1,other,0.0
2026-09-12T18:02:29,1.6,1,other,0.0
2026-09-12T18:02:49,2.5,1,other,0.0
2026-09-12T18:03:09,1.5,1,other,0.0
2026-09-12T18:03:30,1.4,1,other,0.0
2026-09-12T18:03:50,2.0,1,other,0.0
2026-09-12T18:04:11,1.9,1,other,0.0
2026-09-12T18:04:31,2.8,1,other,0.0
2026-09-12T18:04:51,2.0,1,other,0.0
2026-09-12T18:05:12,1.4,1,other,0.0
2026-09-12T18:05:32,1.9,1,other,0.0
2026-09-12T18:05:53,1.6,1,other,0.0
2026-09-12T18:06:13,1.5,1,other,0.0
2026-09-12T18:06:33,1.3,1,other,0.0
2026-09-12T18:06:54,1.9,1,other,0.0
2026-09-12T18:07:14,1.9,1,other,0.0
2026-09-12T18:07:35,2.5,1,other,0.0
2026-09-12T18:07:55,1.2,1,other,0.0
2026-09-12T18:08:16,3.9,1,other,0.0
2026-09-12T18:08:36,1.7,1,other,0.0
2026-09-12T18:08:56,6.5,1,other,0.0
2026-09-12T18:09:17,2.4,1,other,0.0
2026-09-12T18:09:37,3.5,1,other,0.0
2026-09-12T18:09:58,1.5,1,other,0.0
2026-09-12T18:10:18,2.5,1,other,0.07
2026-09-12T18:10:38,9.5,1,other,0.04
2026-09-12T18:10:59,3.3,1,other,0.03
2026-09-12T18:11:19,1.3,1,other,0.02
2026-09-12T18:11:40,2.6,1,other,0.42
2026-09-12T18:12:00,3.2,1,other,0.3
2026-09-12T18:12:21,2.4,1,other,0.22
2026-09-12T18:12:41,4.5,1,other,0.16
2026-09-12T18:13:02,6.1,1,other,0.11
2026-09-12T18:13:22,16.2,1,other,0.08
2026-09-12T18:13:43,6.8,1,other,0.06
2026-09-12T18:14:03,2.4,1,other,0.04
2026-09-12T18:14:24,6.7,1,other,0.03
2026-09-12T18:14:45,14.6,1,other,0.02
2026-09-12T18:15:05,5.7,1,other,0.14
2026-09-12T18:15:26,13.9,1,other,0.1
2026-09-12T18:15:46,2.5,1,other,0.07
2026-09-12T18:16:07,9.0,1,other,0.05
2026-09-12T18:16:27,2.3,1,other,0.04
2026-09-12T18:16:48,2.1,1,other,0.03
2026-09-12T18:17:08,7.0,1,other,0.02
2026-09-12T18:17:29,10.4,1,other,0.08
2026-09-12T18:17:49,6.8,1,other,0.05
2026-09-12T18:18:10,3.1,1,other,0.12
2026-09-12T18:18:31,5.4,1,other,0.08
2026-09-12T18:18:51,3.0,1,other,0.06
2026-09-12T18:19:12,4.6,1,other,0.04
2026-09-12T18:19:32,8.0,1,other,0.03
2026-09-12T18:19:53,2.5,1,other,0.02
2026-09-12T18:20:13,2.8,1,other,0.02
2026-09-12T18:20:34,2.9,1,other,0.01
2026-09-12T18:20:54,4.4,1,other,0.01
2026-09-12T18:21:15,3.1,1,other,0.01
2026-09-12T18:21:35,3.4,1,other,0.0
2026-09-12T18:21:56,5.3,1,other,0.0
2026-09-12T18:22:16,2.9,1,other,0.0
2026-09-12T18:22:37,6.1,1,other,0.0
2026-09-12T18:22:57,4.3,1,other,0.0
2026-09-12T18:23:18,4.6,1,other,0.0
2026-09-12T18:23:38,2.9,1,other,0.0
2026-09-12T18:23:59,3.6,1,other,0.0
2026-09-12T18:24:19,4.5,1,other,0.0
2026-09-12T18:24:40,4.7,1,other,0.0
2026-09-12T18:25:00,4.3,1,other,0.0
2026-09-12T18:25:21,2.7,1,other,0.0
2026-09-12T18:25:41,3.4,1,other,0.0
2026-09-12T18:26:02,3.5,1,other,0.0
2026-09-12T18:26:22,4.1,1,other,0.0
2026-09-12T18:26:43,4.2,1,other,0.0
2026-09-12T18:27:03,4.6,1,other,0.0
2026-09-12T18:27:24,4.0,1,other,0.0
2026-09-12T18:27:44,3.0,1,other,0.0
2026-09-12T18:28:05,3.5,1,other,0.0
2026-09-12T18:28:25,4.6,1,other,0.0
2026-09-12T18:28:46,2.6,1,other,0.0
2026-09-12T18:29:06,2.4,1,other,0.0
2026-09-12T18:29:27,3.5,1,other,0.0
2026-09-12T18:29:47,2.5,1,other,0.0
2026-09-12T18:30:08,2.8,1,other,0.0
2026-09-12T18:30:28,3.6,1,other,0.0
2026-09-12T18:30:49,4.3,1,other,0.0
2026-09-12T18:31:09,2.9,1,other,0.0
2026-09-12T18:31:30,4.0,1,other,0.0
2026-09-12T18:31:50,4.1,1,other,0.0
2026-09-12T18:32:11,4.5,1,other,0.0
2026-09-12T18:32:31,2.6,1,other,0.0
2026-09-12T18:32:52,2.1,1,other,0.0
2026-09-12T18:33:12,4.0,1,other,0.0
2026-09-12T18:33:33,2.6,1,other,0.0
2026-09-12T18:33:53,3.7,1,other,0.0
2026-09-12T18:34:14,3.6,1,other,0.0
2026-09-12T18:34:35,4.6,1,other,0.0
2026-09-12T18:34:55,4.2,1,other,0.0
2026-09-12T18:35:16,3.6,1,other,0.0
2026-09-12T18:35:36,4.4,1,other,0.0
2026-09-12T18:35:56,3.5,1,other,0.0
2026-09-12T18:36:17,7.0,1,other,0.0
2026-09-12T18:36:38,2.7,1,other,0.0
2026-09-12T18:36:58,6.8,1,other,0.0
2026-09-12T18:37:19,4.3,1,other,0.0
2026-09-12T18:37:40,12.6,1,other,0.0
2026-09-12T18:38:00,4.3,1,other,0.0
2026-09-12T18:38:20,3.7,1,other,0.0
2026-09-12T18:38:41,1.9,1,other,0.0
2026-09-12T18:39:01,5.2,1,other,0.08
2026-09-12T18:39:22,3.4,1,other,0.06
2026-09-12T18:39:43,6.4,1,other,0.04
2026-09-12T18:40:03,7.3,1,other,0.03
2026-09-12T18:40:24,6.5,1,other,0.02
2026-09-12T18:40:44,4.0,1,other,0.02
2026-09-12T18:41:05,3.9,1,other,0.01
2026-09-12T18:41:25,4.6,1,other,0.01
2026-09-12T18:41:46,6.3,1,other,0.01
2026-09-12T18:42:06,2.4,1,other,0.0
2026-09-12T18:42:27,2.9,1,other,0.0
2026-09-12T18:42:47,3.7,1,other,0.13
2026-09-12T18:43:08,5.1,1,other,0.09
2026-09-12T18:43:28,5.7,1,other,0.06
2026-09-12T18:43:49,2.4,1,other,0.05
2026-09-12T18:44:10,5.6,1,other,0.03
2026-09-12T18:44:30,3.5,1,other,0.02
2026-09-12T18:44:51,3.7,1,other,0.02
2026-09-12T18:45:11,2.2,1,other,0.01
2026-09-12T18:45:32,4.6,1,other,0.01
2026-09-12T18:45:52,6.4,1,other,0.01
2026-09-12T18:46:13,8.8,1,other,0.0
2026-09-12T18:46:34,5.8,1,other,0.0
2026-09-12T18:46:55,5.4,1,other,0.0
2026-09-12T18:47:15,4.9,1,other,0.0
2026-09-12T18:47:36,4.0,1,other,0.0
2026-09-12T18:47:56,3.4,1,other,0.0
2026-09-12T18:48:17,4.7,1,other,0.0
2026-09-12T18:48:37,8.3,1,other,0.0
2026-09-12T18:48:58,9.2,1,other,0.0
2026-09-12T18:49:18,6.6,1,other,0.0
2026-09-12T18:49:39,10.4,1,other,0.0
2026-09-12T18:49:59,3.9,1,other,0.0
2026-09-12T18:50:20,3.7,1,other,0.0
2026-09-12T18:50:40,1.2,1,other,0.06
2026-09-12T18:51:01,1.4,1,other,0.04
2026-09-12T18:51:21,2.0,1,other,0.03
2026-09-12T18:51:42,2.5,1,other,0.1
2026-09-12T18:52:02,0.9,1,other,0.07
2026-09-12T18:52:23,3.1,1,other,0.05
2026-09-12T18:52:43,1.9,1,other,0.04
2026-09-12T18:53:04,3.6,1,other,0.03
2026-09-12T18:53:24,5.0,1,other,0.02
2026-09-12T18:53:45,2.5,1,other,0.01
2026-09-12T18:54:06,12.6,1,other,0.01
2026-09-12T18:54:26,11.5,1,other,0.01
2026-09-12T18:54:47,7.9,1,other,0.0
2026-09-12T18:55:07,2.1,1,other,0.0
2026-09-12T18:55:28,4.5,1,other,0.0
2026-09-12T18:55:48,3.6,1,other,0.0
2026-09-12T18:56:09,3.1,1,other,0.0
2026-09-12T18:56:29,6.3,1,other,0.06
2026-09-12T18:56:50,1.7,1,other,0.12
2026-09-12T18:57:10,11.8,1,other,0.09
2026-09-12T18:57:31,3.4,1,other,0.06
2026-09-12T18:57:51,2.7,1,other,0.04
2026-09-12T18:58:12,4.4,1,other,0.03
2026-09-12T18:58:32,3.0,1,other,0.02
2026-09-12T18:58:53,3.5,1,other,0.01
2026-09-12T18:59:14,6.1,1,other,0.08
2026-09-12T18:59:34,6.9,1,other,0.06
2026-09-12T18:59:55,5.6,1,other,0.04
2026-09-12T19:00:15,3.0,1,other,0.03
2026-09-12T19:00:36,2.8,1,other,0.02
2026-09-12T19:00:56,1.7,1,other,0.02
2026-09-12T19:01:17,2.1,1,other,0.01
2026-09-12T19:01:38,12.3,1,other,0.01
2026-09-12T19:01:58,2.2,1,other,0.01
2026-09-12T19:02:19,2.8,1,other,0.0
2026-09-12T19:02:39,1.5,1,other,0.0
2026-09-12T19:03:00,3.6,1,other,0.0
2026-09-12T19:03:20,2.3,1,other,0.0
2026-09-12T19:03:41,4.9,1,other,0.0
2026-09-12T19:04:01,2.6,1,other,0.0
2026-09-12T19:04:22,1.3,1,other,0.0
2026-09-12T19:04:42,2.1,1,other,0.0
2026-09-12T19:05:03,6.6,1,other,0.0
2026-09-12T19:05:23,3.3,1,other,0.0
2026-09-12T19:05:44,1.1,1,other,0.0
2026-09-12T19:06:04,1.7,1,other,0.0
2026-09-12T19:06:24,2.1,1,other,0.0
2026-09-12T19:06:45,1.3,1,other,0.0
2026-09-12T19:07:05,1.3,1,other,0.0
2026-09-12T19:07:26,1.6,1,other,0.0
2026-09-12T19:07:46,19.6,1,other,0.0
2026-09-12T19:08:07,3.1,1,other,0.0
2026-09-12T19:08:27,3.9,1,other,0.0
2026-09-12T19:08:48,2.4,1,other,0.0
2026-09-12T19:09:08,10.7,1,other,0.0
2026-09-12T19:09:29,1.7,1,other,0.0
2026-09-12T19:09:50,11.4,1,other,0.07
2026-09-12T19:10:10,4.2,1,other,0.05
2026-09-12T19:10:31,10.4,1,other,0.04
2026-09-12T19:10:52,19.1,1,other,0.25
2026-09-12T19:11:12,4.1,1,other,0.18
2026-09-12T19:11:33,2.8,1,other,0.13
2026-09-12T19:11:53,3.4,1,other,0.16
2026-09-12T19:12:14,12.2,1,other,0.11
2026-09-12T19:12:34,2.2,1,other,0.16
2026-09-12T19:12:55,19.8,1,other,0.12
2026-09-12T19:13:16,8.6,1,other,0.08
2026-09-12T19:13:37,8.9,1,other,0.06
2026-09-12T19:13:57,4.6,1,other,0.04
2026-09-12T19:14:18,5.6,1,other,0.03
2026-09-12T19:14:39,6.9,1,other,0.02
2026-09-12T19:14:59,3.9,1,other,0.01
2026-09-12T19:15:20,3.2,1,other,0.01
2026-09-12T19:15:40,4.1,1,other,0.01
2026-09-12T19:16:01,7.5,1,other,0.01
2026-09-12T19:16:22,32.7,1,other,0.0
2026-09-12T19:16:43,8.1,1,other,0.0
2026-09-12T19:17:03,4.4,1,other,0.0
2026-09-12T19:17:24,4.8,1,other,0.0
2026-09-12T19:17:45,2.3,1,other,0.08
2026-09-12T19:18:05,4.0,1,other,0.06
2026-09-12T19:18:26,2.6,1,other,0.04
2026-09-12T19:18:46,1.8,1,other,0.11
2026-09-12T19:19:07,4.9,1,other,0.08
2026-09-12T19:19:27,7.9,1,other,0.13
2026-09-12T19:19:48,10.1,1,other,0.09
2026-09-12T19:20:08,8.0,1,other,0.06
2026-09-12T19:20:29,1.9,1,other,0.04
2026-09-12T19:20:50,4.6,1,other,0.03
2026-09-12T19:21:10,4.0,1,other,0.02
2026-09-12T19:21:31,6.9,1,other,0.18
2026-09-12T19:21:51,5.7,1,other,0.13
2026-09-12T19:22:12,4.9,1,other,0.09
2026-09-12T19:22:33,3.7,1,other,0.06
2026-09-12T19:22:53,2.7,1,other,0.05
2026-09-12T19:23:14,1.4,1,other,0.03
2026-09-12T19:23:34,2.9,1,other,0.02
2026-09-12T19:23:55,1.5,1,other,0.02
2026-09-12T19:24:15,2.8,1,other,0.01
2026-09-12T19:24:36,2.5,1,other,0.01
2026-09-12T19:24:56,1.9,1,other,0.01
2026-09-12T19:25:17,2.4,1,other,0.0
2026-09-12T19:25:37,1.5,1,other,0.0
2026-09-12T19:25:57,2.1,1,other,0.0
2026-09-12T19:26:18,1.9,1,other,0.0
2026-09-12T19:26:38,2.5,1,other,0.0
2026-09-12T19:26:59,3.0,1,other,0.0
2026-09-12T19:27:19,2.9,1,other,0.0
2026-09-12T19:27:40,2.4,1,other,0.0
2026-09-12T19:28:01,5.0,1,other,0.0
2026-09-12T19:28:21,4.4,1,other,0.0
2026-09-12T19:28:42,6.3,1,other,0.0
2026-09-12T19:29:02,3.7,1,other,0.0
2026-09-12T19:29:23,1.2,1,other,0.0
2026-09-12T19:29:43,6.5,1,other,0.0
2026-09-12T19:30:04,5.3,1,other,0.0
2026-09-12T19:30:25,14.9,1,other,0.07
2026-09-12T19:30:45,14.8,1,other,0.13
2026-09-12T19:31:06,10.3,1,other,0.23
2026-09-12T19:31:26,8.0,1,other,0.16
2026-09-12T19:31:47,6.6,1,other,0.12
2026-09-12T19:32:08,3.3,1,other,0.08
2026-09-12T19:32:28,3.1,1,other,0.06
2026-09-12T19:32:49,3.1,1,other,0.04
2026-09-12T19:33:09,4.0,1,other,0.03
2026-09-12T19:33:30,5.5,1,other,0.02
2026-09-12T19:33:50,10.3,1,other,0.01
2026-09-12T19:34:11,9.2,1,other,0.01
2026-09-12T19:34:32,10.6,1,other,0.08
2026-09-12T19:34:52,6.8,1,other,0.06
2026-09-12T19:35:13,6.2,1,other,0.04
2026-09-12T19:35:34,14.6,1,other,0.23
2026-09-12T19:35:54,5.2,1,other,0.17
2026-09-12T19:36:15,11.7,1,other,0.11
2026-09-12T19:36:35,3.6,1,other,0.08
2026-09-12T19:36:56,17.1,1,other,0.06
2026-09-12T19:37:16,13.1,1,other,0.04
2026-09-12T19:37:37,12.9,1,other,0.03
2026-09-12T19:37:58,6.6,1,other,0.02
2026-09-12T19:38:18,4.6,1,other,0.01
2026-09-12T19:38:39,12.9,1,other,0.01
2026-09-12T19:38:59,16.1,1,other,0.01
2026-09-12T19:39:20,10.4,1,other,0.01
2026-09-12T19:39:40,21.8,1,other,0.0
2026-09-12T19:40:01,2.8,1,other,0.21
2026-09-12T19:40:22,1.5,1,other,0.15
2026-09-12T19:40:42,2.9,1,other,0.11
2026-09-12T19:41:03,2.4,1,other,0.08
2026-09-12T19:41:23,6.3,1,other,0.05
2026-09-12T19:41:44,13.9,1,other,0.04
2026-09-12T19:42:04,6.7,1,other,0.03
2026-09-12T19:42:25,13.3,1,other,0.02
2026-09-12T19:42:45,3.6,1,other,0.01
2026-09-12T19:43:06,2.2,1,other,0.08
2026-09-12T19:43:26,5.0,1,other,0.06
2026-09-12T19:43:47,2.9,1,other,0.04
2026-09-12T19:44:07,1.4,1,other,0.03
2026-09-12T19:44:28,2.2,1,other,0.02
2026-09-12T19:44:48,10.2,1,other,0.02
2026-09-12T19:45:09,3.5,1,other,0.01
2026-09-12T19:45:30,10.9,1,other,0.07
2026-09-12T19:45:50,9.9,1,other,0.05
2026-09-12T19:46:11,9.1,1,other,0.03
2026-09-12T19:46:31,10.5,1,other,0.02
2026-09-12T19:46:52,11.4,1,other,0.02
2026-09-12T19:47:12,3.7,1,other,0.01
2026-09-12T19:47:33,6.2,1,other,0.01
2026-09-12T19:47:53,2.8,1,other,0.01
2026-09-12T19:48:14,9.5,1,other,0.0
2026-09-12T19:48:34,5.3,1,other,0.0
2026-09-12T19:48:55,2.9,1,other,0.0
2026-09-12T19:49:15,4.2,1,other,0.0
2026-09-12T19:49:36,8.6,1,other,0.0
2026-09-12T19:49:56,7.4,1,other,0.0
2026-09-12T19:50:17,4.2,1,other,0.0
2026-09-12T19:50:37,5.0,1,other,0.0
2026-09-12T19:50:58,1.7,1,other,0.0
2026-09-12T19:51:18,3.5,1,other,0.0
2026-09-12T19:51:39,9.3,1,other,0.0
2026-09-12T19:52:00,2.7,1,other,0.0
2026-09-12T19:52:20,3.6,1,other,0.0
2026-09-12T19:52:41,2.9,1,other,0.0
2026-09-12T19:53:01,11.9,1,other,0.0
2026-09-12T19:53:22,3.5,1,other,0.0
2026-09-12T19:53:42,6.7,1,other,0.0
2026-09-12T19:54:03,4.0,1,other,0.0
2026-09-12T19:54:24,3.3,1,other,0.0
2026-09-12T19:54:44,3.8,1,other,0.0
2026-09-12T19:55:05,4.2,1,other,0.0
2026-09-12T19:55:25,3.9,1,other,0.0
2026-09-12T19:55:46,4.2,1,other,0.0
2026-09-12T19:56:07,4.9,1,other,0.37
2026-09-12T19:56:27,4.4,1,other,0.27
2026-09-12T19:56:48,5.1,1,other,0.19
2026-09-12T19:57:08,4.8,1,other,0.14
2026-09-12T19:57:29,5.9,1,other,0.1
2026-09-12T19:57:49,5.3,1,other,0.07
2026-09-12T19:58:10,3.8,1,other,0.05
2026-09-12T19:58:31,4.2,1,other,0.04
2026-09-12T19:58:51,4.0,1,other,0.02
2026-09-12T19:59:12,5.5,1,other,0.02
2026-09-12T19:59:32,6.9,1,other,0.01
2026-09-12T19:59:53,3.9,1,other,0.01
2026-09-12T20:00:13,5.6,1,other,0.01
2026-09-12T20:00:34,3.2,1,other,0.0
2026-09-12T20:00:55,5.3,1,other,0.0
2026-09-12T20:01:15,3.5,1,other,0.0
2026-09-12T20:01:36,5.0,1,other,0.0
2026-09-12T20:01:56,5.1,1,other,0.0
2026-09-12T20:02:17,5.4,1,other,0.0
2026-09-12T20:02:38,3.5,1,other,0.0
2026-09-12T20:02:58,4.6,1,other,0.0
2026-09-12T20:03:19,3.9,1,other,0.0
2026-09-12T20:03:39,3.1,1,other,0.0
2026-09-12T20:04:00,3.2,1,other,0.0
2026-09-12T20:04:20,3.1,1,other,0.0
2026-09-12T20:04:41,5.7,1,other,0.0
2026-09-12T20:05:02,4.9,1,other,0.0
2026-09-12T20:05:22,3.8,1,other,0.0
2026-09-12T20:05:43,3.5,1,other,0.0
2026-09-12T20:06:03,3.0,1,other,0.0
2026-09-12T20:06:24,3.1,1,other,0.0
2026-09-12T20:06:44,5.5,1,other,0.0
2026-09-12T20:07:05,2.6,1,other,0.0
2026-09-12T20:07:25,4.4,1,other,0.0
2026-09-12T20:07:46,6.4,1,other,0.0
2026-09-12T20:08:07,4.3,1,other,0.0
2026-09-12T20:08:27,3.9,1,other,0.0
2026-09-12T20:08:48,13.5,1,other,0.0
2026-09-12T20:09:09,11.0,1,other,0.07
2026-09-12T20:09:29,3.7,1,other,0.13
2026-09-12T20:09:50,4.5,1,other,0.09
2026-09-12T20:10:11,4.7,1,other,0.07
2026-09-12T20:10:31,4.3,1,other,0.05
2026-09-12T20:10:52,5.7,1,other,0.11
2026-09-12T20:11:12,3.8,1,other,0.3
2026-09-12T20:11:33,3.8,1,other,0.21
2026-09-12T20:11:54,3.5,1,other,0.28
2026-09-12T20:12:14,3.0,1,other,0.2
2026-09-12T20:12:35,4.0,1,other,0.14
2026-09-12T20:12:55,2.6,1,other,0.1
2026-09-12T20:13:16,5.7,1,other,0.07
2026-09-12T20:13:37,9.5,1,other,0.05
2026-09-12T20:13:57,4.7,1,other,0.17
2026-09-12T20:14:18,3.2,1,other,0.11
2026-09-12T20:14:38,3.9,1,other,0.08
2026-09-12T20:14:59,6.9,1,other,0.06
2026-09-12T20:15:20,3.4,1,other,0.04
2026-09-12T20:15:40,5.8,1,other,0.03
2026-09-12T20:16:01,5.6,1,other,0.02
2026-09-12T20:16:21,8.3,1,other,0.1
2026-09-12T20:16:42,3.2,1,other,0.07
2026-09-12T20:17:03,5.8,1,other,0.05
2026-09-12T20:17:23,4.2,1,other,0.03
2026-09-12T20:17:44,4.4,1,other,0.02
2026-09-12T20:18:04,3.3,1,other,0.18
2026-09-12T20:18:25,4.7,1,other,0.13
2026-09-12T20:18:46,3.7,1,other,0.09
2026-09-12T20:19:06,4.6,1,other,0.06
2026-09-12T20:19:27,3.4,1,other,0.05
2026-09-12T20:19:47,4.6,1,other,0.03
2026-09-12T20:20:08,3.7,1,other,0.02
2026-09-12T20:20:28,4.4,1,other,0.02
2026-09-12T20:20:49,3.2,1,other,0.01
2026-09-12T20:21:10,4.5,1,other,0.01
2026-09-12T20:21:30,4.4,1,other,0.01
2026-09-12T20:21:51,5.3,1,other,0.0
2026-09-12T20:22:11,5.4,1,other,0.0
2026-09-12T20:22:32,3.2,1,other,0.0
2026-09-12T20:22:53,4.0,1,other,0.0
2026-09-12T20:23:13,5.1,1,other,0.0
2026-09-12T20:23:34,4.9,1,other,0.0
2026-09-12T20:23:54,4.6,1,other,0.0
2026-09-12T20:24:15,4.3,1,other,0.0
2026-09-12T20:24:36,4.1,1,other,0.0
2026-09-12T20:24:56,5.1,1,other,0.0
2026-09-12T20:25:17,5.1,1,other,0.0
2026-09-12T20:25:37,5.0,1,other,0.0
2026-09-12T20:25:58,3.5,1,other,0.0
2026-09-12T20:26:18,3.8,1,other,0.0
2026-09-12T20:26:39,3.4,1,other,0.0
2026-09-12T20:27:00,6.3,1,other,0.0
2026-09-12T20:27:20,5.2,1,other,0.0
2026-09-12T20:27:41,6.3,1,other,0.0
2026-09-12T20:28:01,4.5,1,other,0.0
2026-09-12T20:28:22,3.8,1,other,0.0
2026-09-12T20:28:43,3.7,1,other,0.0
2026-09-12T20:29:03,3.4,1,other,0.0
2026-09-12T20:29:24,5.9,1,other,0.0
2026-09-12T20:29:45,4.9,1,other,0.0
2026-09-12T20:30:05,7.1,1,other,0.0
2026-09-12T20:30:26,5.5,1,other,0.0
2026-09-12T20:30:46,11.4,1,other,0.0
2026-09-12T20:31:07,7.6,1,other,0.0
2026-09-12T20:31:27,8.2,1,other,0.0
2026-09-12T20:31:48,10.6,1,other,0.0
2026-09-12T20:32:09,12.4,1,other,0.14
2026-09-12T20:32:29,6.3,1,other,0.09
2026-09-12T20:32:50,10.4,1,other,0.06
2026-09-12T20:33:10,27.9,1,other,0.05
2026-09-12T20:33:31,11.9,1,other,0.03
2026-09-12T20:33:51,3.6,1,other,0.02
2026-09-12T20:34:12,10.1,1,other,0.02
2026-09-12T20:34:33,4.0,1,other,0.01
2026-09-12T20:34:53,17.5,1,other,0.01
2026-09-12T20:35:14,10.7,1,other,0.01
2026-09-12T20:35:34,10.1,1,other,0.0
2026-09-12T20:35:55,9.5,1,other,0.0
2026-09-12T20:36:16,4.3,1,other,0.0
2026-09-12T20:36:36,2.7,1,other,0.0
2026-09-12T20:36:57,9.2,1,other,0.0
2026-09-12T20:37:17,4.2,1,other,0.0
2026-09-12T20:37:38,10.1,1,other,0.0
2026-09-12T20:37:58,13.3,1,other,0.0
2026-09-12T20:38:19,4.8,1,other,0.34
2026-09-12T20:38:40,4.0,1,other,0.22
2026-09-12T20:39:00,13.3,1,other,0.16
2026-09-12T20:39:21,3.3,1,other,0.11
2026-09-12T20:39:41,13.5,1,other,0.08
2026-09-12T20:40:02,10.9,1,other,0.06
2026-09-12T20:40:22,3.0,1,other,0.04
2026-09-12T20:40:43,4.8,1,other,0.03
2026-09-12T20:41:04,8.5,1,other,0.02
2026-09-12T20:41:24,3.6,1,other,0.08
2026-09-12T20:41:45,5.3,1,other,0.05
2026-09-12T20:42:05,11.7,1,other,0.04
2026-09-12T20:42:26,2.8,1,other,0.03
2026-09-12T20:42:47,11.9,1,other,0.02
2026-09-12T20:43:07,6.9,1,other,0.01
2026-09-12T20:43:28,2.7,1,other,0.01
2026-09-12T20:43:48,6.2,1,other,0.09
2026-09-12T20:44:09,2.8,1,other,0.06
2026-09-12T20:44:30,3.8,1,other,0.04
2026-09-12T20:44:50,3.7,1,other,0.03
2026-09-12T20:45:11,2.0,1,other,0.02
2026-09-12T20:45:31,2.2,1,other,0.02
2026-09-12T20:45:52,1.6,1,other,0.01
2026-09-12T20:46:12,3.3,1,other,0.01
2026-09-12T20:46:33,3.6,1,other,0.01
2026-09-12T20:46:53,5.5,1,other,0.0
2026-09-12T20:47:14,1.9,1,other,0.0
2026-09-12T20:47:34,4.7,1,other,0.0
2026-09-12T20:47:55,3.8,1,other,0.0
2026-09-12T20:48:15,4.8,1,other,0.0
2026-09-12T20:48:36,2.1,1,other,0.0
2026-09-12T20:48:57,3.9,1,other,0.0
2026-09-12T20:49:17,2.9,1,other,0.0
2026-09-12T20:49:38,3.8,1,other,0.0
2026-09-12T20:49:58,6.4,1,other,0.0
2026-09-12T20:50:19,3.9,1,other,0.0
2026-09-12T20:50:39,7.0,1,other,0.0
2026-09-12T20:51:00,4.5,1,other,0.0
